screen_id,route,role,design_ids,requirement_ids,component,operations,url_selection,entry,exit,primary_queries,secondary_queries,states,interaction,default_tab,allowed_tabs,purpose,data_contract,shared_requirement_ids,query_trigger
SCR-C01,/customer,client,DD-C01,FR-C01,`Overview`,units.list;properties.list;spaces.list;summaries.get;alerts.list;automations.list;automations.nextRuns;consents.get;baselines.list;energy.summary;telemetry.series,"propertyId,unitId,period",D01 session/scope; primary reads success (public routes exempt),D09 dirty confirmation; role/logout purge; D10 navigation,units.list;summaries.get;alerts.list,properties.list;spaces.list;automations.list;automations.nextRuns;consents.get;baselines.list;energy.summary;telemetry.series,initial;loading;success;empty;error;offline;permission-denied;not-found;stale;connecting;device-error;device-online;device-offline,"D10; onSubmit→operation→ServiceResult→invalidate→render again; disabled while a write is pending; IR50 KPI drill-down URL (C01→/customer/properties, A01→/admin/units) without period; IR83 keep data while refetching (aria-busy), stale on refetch failure; IR240 overview from the Core API: property, unit and period (today, 7d, 30d) in the URL; tiles from summaries.get for the selection; the unit table from units.list latestMeasurements (measured room temperature, humidity and power, never the AC setting); energy.summary for the period against the previous one and the last 7 days against the 7 before; emissions with a comparable baseline; the air-quality card from the latest CO2 and PM2.5 and the 24-hour CO2 series; Needs attention from the unresolved critical and warning alerts with the reminders counted apart (IR51); the automations of the units shown with the next run",overview,overview,FR-C01 Monitoring dashboard (status at a glance),Page<UnitSummary>;Page<Property>;Page<Space>;Summary;Page<Alert>;Page<Automation>;ScheduledOccurrence[];Consent;Page<EnergyBaseline>;EnergySummary;AirSeries,FR-X01;FR-X03;FR-X04;FR-X05;FR-X06;FR-X07;NFR-01;NFR-02;NFR-03;NFR-04;NFR-05;NFR-06;NFR-07;NFR-08;FR-X02,"On initial load, URL condition changes, invalidation after success, and subscription updates. Keep query disabled and show no selection until required target IDs, period, and selections are available. Run preview/resolve/eligible only after an explicit action. Fetch only sections allowed by each permission. Request policy Queries only for policy permission holders, not read-only/resolve users.  Apply SR04 dependency order and SR11 URL schema."
SCR-C02,/customer/properties,client,DD-C02;DD-C14,FR-C02;FR-C14,`PropertyExplorer`,properties.list;spaces.list;units.list;locations.rename;units.get;commands.create;commands.get,"propertyId,spaceId,tab,powerState,connections,unassignedOnly,mode,unitIds",D01 session/scope; primary reads success (public routes exempt),D09 dirty confirmation; role/logout purge; D10 navigation,properties.list;spaces.list;units.list,units.get;commands.get,initial;loading;success;empty;error;offline;permission-denied;not-found;stale;connecting;device-error;device-online;device-offline,"D10; onSubmit→operation→ServiceResult→invalidate→render again; disabled while a write is pending; IR50 unit list section with powerState/connections from KPI; IR62 unassigned group via unassignedOnly; IR83 keep data while refetching (aria-busy), stale on refetch failure; IR109 structure is read-only for clients; rename modal only; group control reviews per-unit change and skips before sending one command per unit",overview,overview,FR-C02 Read-only locations (rename only) / FR-C14 Group control of one room or area (owner only),Page<Property>;Page<Space>;Page<UnitSummary>;Property|Space|ACUnit;UnitDetail;Command,FR-X01;FR-X03;FR-X04;FR-X05;FR-X06;FR-X07;NFR-01;NFR-02;NFR-03;NFR-04;NFR-05;NFR-06;NFR-07;NFR-08;FR-X02,"On initial load, URL condition changes, invalidation after success, and subscription updates. Keep query disabled and show no selection until required target IDs, period, and selections are available. Run preview/resolve/eligible only after an explicit action. Fetch only sections allowed by each permission. Request policy Queries only for policy permission holders, not read-only/resolve users.  Apply SR04 dependency order and SR11 URL schema."
SCR-C03,/customer/units/:id,client,DD-C03,FR-C03,`UnitControl`,units.get;commands.create;commands.get;locations.rename;units.setAlertPolicies;policies.list;commands.list;units.list,tab,D01 session/scope; primary reads success (public routes exempt),D09 dirty confirmation; role/logout purge; D10 navigation,units.get;commands.get,policies.list;commands.list;units.list,initial;loading;success;empty;error;offline;permission-denied;not-found;stale;connecting;device-error;device-online;device-offline,"D10; onSubmit→operation→ServiceResult→invalidate→render again; disabled while a write is pending; IR46 restriction action table; IR47 OFFLINE by derived connection/powerSignal; IR83 keep data while refetching (aria-busy), stale on refetch failure; IR108 “Alert policies on this AC” card: default policy always attached, attach/detach own customer policies",overview,overview,FR-C03 Remote control,UnitDetail;Command;Property|Space|ACUnit;ACUnit;Page<Policy>;Page<Command>;Page<UnitSummary>,FR-C12;FR-C15;FR-X01;FR-X03;FR-X04;FR-X05;FR-X06;FR-X07;NFR-01;NFR-02;NFR-03;NFR-04;NFR-05;NFR-06;NFR-07;NFR-08;FR-X02,"On initial load, URL condition changes, invalidation after success, and subscription updates. Keep query disabled and show no selection until required target IDs, period, and selections are available. Run preview/resolve/eligible only after an explicit action. Fetch only sections allowed by each permission. Request policy Queries only for policy permission holders, not read-only/resolve users.  Apply SR04 dependency order and SR11 URL schema."
SCR-C04,/customer/automations,client,DD-C04;DD-C05,FR-C04;FR-C05,`AutomationEditor`,automations.list;automations.save;automations.simulate;automations.fire;automations.nextRuns;consents.get;consents.update;units.list;units.get;automations.delete;properties.list;spaces.list;preferences.get,"automationId,tab",D01 session/scope; primary reads success (public routes exempt),D09 dirty confirmation; role/logout purge; D10 navigation,automations.list;automations.simulate;consents.get;units.list;units.get;properties.list;spaces.list;preferences.get,automations.nextRuns,initial;loading;success;empty;error;offline;permission-denied;not-found;stale;connecting;device-error;device-online;device-offline,"D10; onSubmit→operation→ServiceResult→invalidate→render again; disabled while a write is pending; IR83 keep data while refetching (aria-busy), stale on refetch failure",schedule,"schedule,event",FR-C04 Scheduled operation and pre-arrival cooling / FR-C05 Automation with consent,Page<Automation>;Automation;SimulationResult;FireResult;ScheduledOccurrence[];Consent;Page<UnitSummary>;UnitDetail;DeletedResource;Page<Property>;Page<Space>;Preferences,FR-X01;FR-X03;FR-X04;FR-X05;FR-X06;FR-X07;NFR-01;NFR-02;NFR-03;NFR-04;NFR-05;NFR-06;NFR-07;NFR-08;FR-X02,"On initial load, URL condition changes, invalidation after success, and subscription updates. Keep query disabled and show no selection until required target IDs, period, and selections are available. Run preview/resolve/eligible only after an explicit action. Fetch only sections allowed by each permission. Request policy Queries only for policy permission holders, not read-only/resolve users.  Apply SR04 dependency order and SR11 URL schema."
SCR-C06,/customer/energy,client,DD-C06;DD-C16,FR-C06;FR-C16,`EnergyExplorer`,energy.summary;baselines.list;units.list;energy.exportReport,"tab,unitIds,baselineId,period,from,to",D01 session/scope; primary reads success (public routes exempt),D09 dirty confirmation; role/logout purge; D10 navigation,energy.summary;baselines.list;units.list,none,initial;loading;success;empty;error;offline;permission-denied;not-found;stale;connecting;device-error;device-online;device-offline,"D10; onSubmit→operation→ServiceResult→invalidate→render again; disabled while a write is pending; IR83 keep data while refetching (aria-busy), stale on refetch failure; IR110 export runs only after an explicit Download",overview,overview,FR-C06 Energy and cost / FR-C16 Monthly report export,EnergySummary;Page<EnergyBaseline>;Page<UnitSummary>;ReportFile,FR-C13;FR-X01;FR-X03;FR-X04;FR-X05;FR-X06;FR-X07;NFR-01;NFR-02;NFR-03;NFR-04;NFR-05;NFR-06;NFR-07;NFR-08;FR-X02,"On initial load, URL condition changes, invalidation after success, and subscription updates. Keep query disabled and show no selection until required target IDs, period, and selections are available. Run preview/resolve/eligible only after an explicit action. Fetch only sections allowed by each permission. Request policy Queries only for policy permission holders, not read-only/resolve users.  Apply SR04 dependency order and SR11 URL schema."
SCR-C07,/customer/air-quality,client,DD-C07,FR-C07,`AirQuality`,telemetry.series;units.get;units.list;ventilation.log;ventilation.list;properties.list;spaces.list,"tab,spaceId,unitId,metric,period",D01 session/scope; primary reads success (public routes exempt),D09 dirty confirmation; role/logout purge; D10 navigation,units.get;units.list;properties.list;spaces.list,telemetry.series;ventilation.list,initial;loading;success;empty;error;offline;permission-denied;not-found;stale;connecting;device-error;device-online;device-offline,"D10; onSubmit→operation→ServiceResult→invalidate→render again; disabled while a write is pending; IR83 keep data while refetching (aria-busy), stale on refetch failure; IR99 guidance rules (co2>=1000, pm25>=35, unavailable); IR98 allergen source; IR110 Log ventilation records a manual action and never sends a Command",overview,overview,FR-C07 Air quality with manual ventilation log (no device command),AirSeries;UnitDetail;Page<UnitSummary>;VentilationLog;Page<VentilationLog>;Page<Property>;Page<Space>,FR-X01;FR-X03;FR-X04;FR-X05;FR-X06;FR-X07;NFR-01;NFR-02;NFR-03;NFR-04;NFR-05;NFR-06;NFR-07;NFR-08;FR-X02,"On initial load, URL condition changes, invalidation after success, and subscription updates. Keep query disabled and show no selection until required target IDs, period, and selections are available. Run preview/resolve/eligible only after an explicit action. Fetch only sections allowed by each permission. Request policy Queries only for policy permission holders, not read-only/resolve users.  Apply SR04 dependency order and SR11 URL schema."
SCR-C08,/customer/alerts,client,DD-C08;DD-C15,FR-C08;FR-C15,`AlertInbox`,alerts.list;notifications.markRead;notifications.list;summaries.get;policies.list;policies.get;policies.save;policies.delete;policies.setDefaultRule;units.list;properties.list;spaces.list;preferences.get,"tab,severity,unreadOnly,policyId,unitId",D01 session/scope; primary reads success (public routes exempt),D09 dirty confirmation; role/logout purge; D10 navigation,alerts.list;notifications.list,summaries.get;policies.list;policies.get;units.list;properties.list;spaces.list;preferences.get,initial;loading;success;empty;error;offline;permission-denied;not-found;stale;connecting;device-error;device-online;device-offline,"D10; onSubmit→operation→ServiceResult→invalidate→render again; disabled while a write is pending; IR83 keep data while refetching (aria-busy), stale on refetch failure; IR102 alertCount from summaries.get separately from unread count; IR108 Alert policies tab; Unit filter is a search-select (first 20, type to search); IR242 alert inbox from the Core API: severity (critical, warning, all) and unreadOnly in the URL; rows with the unit and place, status (unresolved / acknowledged / resolved with time and reason) and the read state of the membership's notifications about the alert; opening an alert marks them read (notifications.markRead), never the alert; IR243 unit filter (unitId), Updated and unread count, View unit / Book cleaning (maintenance reminders) / Request repair (attention faults, opens New request for the unit); Alert policies tab from the Core API: default rules switched for the customer by the owner (policies.setDefaultRule with the setting version, IR115), own policies with When / Then and attached ACs, on / off (policies.save with the version), the editor at policyId (new or an own policy) with hidden recipients / escalation / cooldown / time zone / priority (IR120), delete with the attached ACs named",overview,"overview,policies","FR-C08 Fault and inspection notifications / FR-C15 Customer alert policies (default policy rules on/off, own policies)",Page<Alert>;Notification;Page<Notification>;Summary;Page<Policy>;Policy;DeletedResource;DefaultRuleSetting;Page<UnitSummary>;Page<Property>;Page<Space>;Preferences,FR-X01;FR-X03;FR-X04;FR-X05;FR-X06;FR-X07;NFR-01;NFR-02;NFR-03;NFR-04;NFR-05;NFR-06;NFR-07;NFR-08;FR-X02,"On initial load, URL condition changes, invalidation after success, and subscription updates. Keep query disabled and show no selection until required target IDs, period, and selections are available. Run preview/resolve/eligible only after an explicit action. Fetch only sections allowed by each permission. Request policy Queries only for policy permission holders, not read-only/resolve users.  Apply SR04 dependency order and SR11 URL schema."
SCR-C09,/customer/maintenance,client,DD-C09;DD-C17;DD-C18,FR-C09;FR-C17;FR-C18,`MaintenanceRequest`,jobs.list;jobs.create;jobs.get;jobs.cancel;jobs.addNote;reports.get;attachments.getContent;units.list;jobs.rate;jobs.reportProblem;filterCare.list;filterCare.getSettings;filterCare.markCleaned;filterCare.saveSettings;jobs.respondProposal;jobs.requestReschedule;jobs.events;properties.list;spaces.list,"jobId,reportId,reportVersion,tab,sort,new",D01 session/scope; primary reads success (public routes exempt),D09 dirty confirmation; role/logout purge; D10 navigation,jobs.list;jobs.get;reports.get;units.list,attachments.getContent;filterCare.list;jobs.events;properties.list;spaces.list;filterCare.getSettings,initial;loading;success;empty;error;offline;permission-denied;not-found;stale;connecting;device-error;device-online;device-offline,"D10; onSubmit→operation→ServiceResult→invalidate→render again; disabled while a write is pending; IR23 offer/history/summary branches; history opens detailed history with no unit link; IR34 onSortChange: status/severity/dueAt asc/desc, default status asc, URL sort, reset cursor; IR83 keep data while refetching (aria-busy), stale on refetch failure; IR110 completed jobs show Confirm & rate for 7 days; Filter care tab; IR237 My requests from the Core API: rows from jobs.list with the unit places, detail with notes and history from jobs.events, the accepted report, Accept / Decline the proposal, Request another time, Confirm & rate, Report a problem with photos, New request, notes and cancel; IR238 Filter care tab (URL tab=filter-care; only the shown tab's reads run): filterCare.list rows with run time, progress, status and last cleaning, an area with 4 or more ACs as one summary row with View n, filterCare.getSettings for the reminders card, Mark cleaned on every row (filterCare.markCleaned), Request cleaning on overdue rows prefills a preventive request, Edit reminders for owners (filterCare.saveSettings; members read-only); IR243 new=<unitId> opens New request for that unit (an alert's Request repair)",overview,"overview,filter-care","FR-C09 Maintenance requests / FR-C17 Confirm, rate and report a problem after completion / FR-C18 Filter care reminders",Page<JobSummary|JobOfferSummary|JobHistorySnapshot>;MaintenanceJob;JobDetail|JobOfferSummary|JobHistorySnapshot;JobNote;WorkReport;Blob;Page<UnitSummary>;Page<FilterCareStatus>;FilterCareSettings;FilterCareStatus;Page<JobEvent>;Page<Property>;Page<Space>,FR-X01;FR-X03;FR-X04;FR-X05;FR-X06;FR-X07;NFR-01;NFR-02;NFR-03;NFR-04;NFR-05;NFR-06;NFR-07;NFR-08;FR-X02,"On initial load, URL condition changes, invalidation after success, and subscription updates. Keep query disabled and show no selection until required target IDs, period, and selections are available. Run preview/resolve/eligible only after an explicit action. Fetch only sections allowed by each permission. Request policy Queries only for policy permission holders, not read-only/resolve users.  Apply SR04 dependency order and SR11 URL schema."
SCR-C10,/customer/payments,client,DD-C10,FR-C10,`BillingOverview`,contracts.list;invoices.list,"tab,contractId,status",D01 session/scope; primary reads success (public routes exempt),D09 dirty confirmation; role/logout purge; D10 navigation,contracts.list;invoices.list,none,initial;loading;success;empty;error;offline;permission-denied;not-found;stale,"D10; onSubmit→operation→ServiceResult→invalidate→render again; disabled while a write is pending; IR83 keep data while refetching (aria-busy), stale on refetch failure",overview,overview,FR-C10 Contract and invoice review,Page<Contract>;Page<Invoice>,FR-X01;FR-X03;FR-X04;FR-X05;FR-X06;FR-X07;NFR-01;NFR-02;NFR-03;NFR-04;NFR-05;NFR-06;NFR-07;NFR-08;FR-X02,"On initial load, URL condition changes, invalidation after success, and subscription updates. Keep query disabled and show no selection until required target IDs, period, and selections are available. Run preview/resolve/eligible only after an explicit action. Fetch only sections allowed by each permission. Request policy Queries only for policy permission holders, not read-only/resolve users.  Apply SR04 dependency order and SR11 URL schema."
SCR-C11,/customer/payments/:id,client,DD-C11;DD-C12,FR-C11;FR-C12,`PaymentDemo`;`RestrictionNotice`,invoices.get;payments.simulate;notifications.preview;restrictions.forInvoice;commands.get;inquiries.create;inquiries.list;notifications.recipients,"inquiryId,restrictionId,tab",D01 session/scope; primary reads success (public routes exempt),D09 dirty confirmation; role/logout purge; D10 navigation,invoices.get;restrictions.forInvoice;commands.get;inquiries.list,notifications.recipients,initial;loading;success;empty;error;offline;permission-denied;not-found;stale;connecting;device-error;device-online;device-offline,"D10; onSubmit→operation→ServiceResult→invalidate→render again; disabled while a write is pending; IR83 keep data while refetching (aria-busy), stale on refetch failure",payment,"payment,restriction,inquiry",FR-C11 Payment guidance and payment demo / FR-C12 Operating restriction explanation,InvoiceDetail;Payment|NotificationPreview;NotificationPreview;Page<RestrictionDetail>;Command;Inquiry;Page<Inquiry>;Page<NotificationRecipient>,FR-X01;FR-X03;FR-X04;FR-X05;FR-X06;FR-X07;NFR-01;NFR-02;NFR-03;NFR-04;NFR-05;NFR-06;NFR-07;NFR-08;FR-X02,"On initial load, URL condition changes, invalidation after success, and subscription updates. Keep query disabled and show no selection until required target IDs, period, and selections are available. Run preview/resolve/eligible only after an explicit action. Fetch only sections allowed by each permission. Request policy Queries only for policy permission holders, not read-only/resolve users.  Apply SR04 dependency order and SR11 URL schema."
SCR-C13,/customer/energy/offsets,client,DD-C13,FR-C13,`OffsetPreview`,energy.summary;offsets.preview;offsets.simulate;offsets.list;units.list,"tab,unitIds,period,from,to,baselineId",D01 session/scope; primary reads success (public routes exempt),D09 dirty confirmation; role/logout purge; D10 navigation,energy.summary;offsets.list;units.list,none,initial;loading;success;empty;error;offline;permission-denied;not-found;stale;connecting;device-error;device-online;device-offline,"D10; onSubmit→operation→ServiceResult→invalidate→render again; disabled while a write is pending; IR83 keep data while refetching (aria-busy), stale on refetch failure",overview,overview,FR-C13 Emissions and offset guidance,EnergySummary;OffsetQuote;OffsetRecord;Page<OffsetRecord>;Page<UnitSummary>,FR-X01;FR-X03;FR-X04;FR-X05;FR-X06;FR-X07;NFR-01;NFR-02;NFR-03;NFR-04;NFR-05;NFR-06;NFR-07;NFR-08;FR-X02,"On initial load, URL condition changes, invalidation after success, and subscription updates. Keep query disabled and show no selection until required target IDs, period, and selections are available. Run preview/resolve/eligible only after an explicit action. Fetch only sections allowed by each permission. Request policy Queries only for policy permission holders, not read-only/resolve users.  Apply SR04 dependency order and SR11 URL schema."
SCR-C19,/customer/users,client,DD-C19,FR-C19,`ClientUsers`,clientUsers.list;clientUsers.save;clientUsers.resendInvite,status,D01 session/scope; primary reads success (public routes exempt); clientRole=owner only (IR114),D09 dirty confirmation; role/logout purge; D10 navigation,clientUsers.list,none,initial;loading;success;empty;error;offline;permission-denied;not-found;stale,"D10; onSubmit→operation→ServiceResult→invalidate→render again; disabled while a write is pending; IR83 keep data while refetching (aria-busy), stale on refetch failure; IR114 owner-only page and sidebar item; invite dialog centered (IR112); resend is a preview only",overview,overview,FR-C19 Customer users — owner invites members,Page<ClientUser>;ClientUser;NotificationPreview,FR-X01;FR-X03;FR-X04;FR-X05;FR-X06;FR-X07;NFR-01;NFR-02;NFR-03;NFR-04;NFR-05;NFR-06;NFR-07;NFR-08;FR-X02,"On initial load, URL condition changes, invalidation after success, and subscription updates. Keep query disabled and show no selection until required target IDs, period, and selections are available. Run preview/resolve/eligible only after an explicit action. Fetch only sections allowed by each permission. Request policy Queries only for policy permission holders, not read-only/resolve users.  Apply SR04 dependency order and SR11 URL schema."
SCR-P01,/partner,contractor,DD-P01;DD-P08,FR-P01;FR-P08,`PartnerOverview`,jobs.list;summaries.get;session.get;members.capacity;members.list;units.list;jobs.events,"tab,sort,status,from,to",D01 session/scope; primary reads success (public routes exempt),D09 dirty confirmation; role/logout purge; D10 navigation,jobs.list;summaries.get;session.get,members.capacity;members.list;units.list;jobs.events,initial;loading;success;empty;error;offline;permission-denied;not-found;stale;connecting;device-error;device-online;device-offline,"D10; onSubmit→operation→ServiceResult→invalidate→render again; disabled while a write is pending; IR23 offer/history/summary branches; history opens detailed history with no unit link; IR34 onSortChange: status/severity/dueAt asc/desc, default status asc, URL sort, reset cursor; IR89 badge for assigned/in_progress with scheduledSlot.endAt<=now; IR83 keep data while refetching (aria-busy), stale on refetch failure; IR111 KPI tiles link to /partner/jobs with the same filter; IR224 one period (URL from/to, this week by default) for KPIs, progress, actions and capacity; overdue = assigned/in_progress with scheduledSlot.endAt <= now",overview,overview,"FR-P01 Contractor overview dashboard (KPI tiles, weekly progress, needs your action, today timeline, team capacity, recent activity) / FR-P08 Outsourcing and work-period boundaries",Page<JobSummary|JobOfferSummary|JobHistorySnapshot>;Summary;Session;Page<Capacity>;Page<Membership>;Page<UnitSummary>;Page<JobEvent>,FR-X01;FR-X03;FR-X04;FR-X05;FR-X06;FR-X07;NFR-01;NFR-02;NFR-03;NFR-04;NFR-05;NFR-06;NFR-07;NFR-08,"On initial load, URL condition changes, invalidation after success, and subscription updates. Keep query disabled and show no selection until required target IDs, period, and selections are available. Run preview/resolve/eligible only after an explicit action. Fetch only sections allowed by each permission. Request policy Queries only for policy permission holders, not read-only/resolve users.  Apply SR04 dependency order and SR11 URL schema."
SCR-P02,/partner/jobs/:id,contractor,DD-P02;DD-P08,FR-P02;FR-P08,`PartnerJob`,jobs.get;jobs.accept;jobs.decline;session.get;jobs.proposePartnerSlot;jobs.withdrawPartnerSlot;members.list;members.capacity;jobs.events;units.get;alerts.get,tab,D01 session/scope; primary reads success (public routes exempt),D09 dirty confirmation; role/logout purge; D10 navigation,jobs.get;session.get,members.list;members.capacity;jobs.events;units.get;alerts.get,initial;loading;success;empty;error;offline;permission-denied;not-found;stale;connecting;device-error;device-online;device-offline,"D10; onSubmit→operation→ServiceResult→invalidate→render again; disabled while a write is pending; IR01 minimal receipt; return to list; detail only during accepted access interval; IR226 offer / detail / history projections, who-can-take-it from members.capacity, status timeline from jobs.events; IR83 keep data while refetching (aria-busy), stale on refetch failure",overview,overview,FR-P02 Accept or decline jobs / FR-P08 Outsourcing and work-period boundaries,JobDetail|JobOfferSummary|JobHistorySnapshot;JobDecisionReceipt;Session;MaintenanceJob;Page<Membership>;Page<Capacity>;Page<JobEvent>;UnitDetail;Alert,FR-X01;FR-X03;FR-X04;FR-X05;FR-X06;FR-X07;NFR-01;NFR-02;NFR-03;NFR-04;NFR-05;NFR-06;NFR-07;NFR-08,"On initial load, URL condition changes, invalidation after success, and subscription updates. Keep query disabled and show no selection until required target IDs, period, and selections are available. Run preview/resolve/eligible only after an explicit action. Fetch only sections allowed by each permission. Request policy Queries only for policy permission holders, not read-only/resolve users.  Apply SR04 dependency order and SR11 URL schema."
SCR-P03,/partner/schedule,contractor,DD-P03;DD-P08,FR-P03;FR-P08,`AssignmentEditor`,jobs.list;members.eligible;jobs.assign;session.get;jobs.get;members.list;members.capacity;units.list;units.get,"tab,sort,jobId",D01 session/scope; primary reads success (public routes exempt),D09 dirty confirmation; role/logout purge; D10 navigation,jobs.list;session.get,jobs.get;members.list;members.eligible;members.capacity;units.list;units.get,initial;loading;success;empty;error;offline;permission-denied;not-found;stale;connecting;device-error;device-online;device-offline,"D10; onSubmit→operation→ServiceResult→invalidate→render again; disabled while a write is pending; IR23 offer/history/summary branches; history opens detailed history with no unit link; IR34 onSortChange; IR227 the agreed visit time is locked, an extension keeps the start and needs a reason, the week shows each booked block with its job: status/severity/dueAt asc/desc, default status asc, URL sort, reset cursor; IR89 badge for assigned/in_progress with scheduledSlot.endAt<=now; IR83 keep data while refetching (aria-busy), stale on refetch failure",overview,overview,FR-P03 Scheduling and assignment of own technicians / FR-P08 Outsourcing and work-period boundaries,Page<JobSummary|JobOfferSummary|JobHistorySnapshot>;Page<Membership>;MaintenanceJob;Session;JobDetail|JobOfferSummary|JobHistorySnapshot;Page<Capacity>;Page<UnitSummary>;UnitDetail,FR-X01;FR-X03;FR-X04;FR-X05;FR-X06;FR-X07;NFR-01;NFR-02;NFR-03;NFR-04;NFR-05;NFR-06;NFR-07;NFR-08,"On initial load, URL condition changes, invalidation after success, and subscription updates. Keep query disabled and show no selection until required target IDs, period, and selections are available. Run preview/resolve/eligible only after an explicit action. Fetch only sections allowed by each permission. Request policy Queries only for policy permission holders, not read-only/resolve users.  Apply SR04 dependency order and SR11 URL schema."
SCR-P04,/partner/units/:id,contractor,DD-P04;DD-P08,FR-P04;FR-P08,`PartnerUnit`,units.get;alerts.list;telemetry.summary;session.get,jobId,D01 session/scope; primary reads success (public routes exempt),D09 dirty confirmation; role/logout purge; D10 navigation,units.get;alerts.list;telemetry.summary;session.get,none,initial;loading;success;empty;error;offline;permission-denied;not-found;stale;connecting;device-error;device-online;device-offline,"D10; onSubmit→operation→ServiceResult→invalidate→render again; disabled while a write is pending; IR83 keep data while refetching (aria-busy), stale on refetch failure",overview,overview,FR-P04 View target units and fault evidence / FR-P08 Outsourcing and work-period boundaries,UnitDetail;Page<Alert>;TelemetrySummary;Session,FR-X01;FR-X03;FR-X04;FR-X05;FR-X06;FR-X07;NFR-01;NFR-02;NFR-03;NFR-04;NFR-05;NFR-06;NFR-07;NFR-08,"On initial load, URL condition changes, invalidation after success, and subscription updates. Keep query disabled and show no selection until required target IDs, period, and selections are available. Run preview/resolve/eligible only after an explicit action. Fetch only sections allowed by each permission. Request policy Queries only for policy permission holders, not read-only/resolve users.  Apply SR04 dependency order and SR11 URL schema."
SCR-P05,/partner/jobs/:id/review,contractor,DD-P05;DD-P08,FR-P05;FR-P08,`QualityReview`,jobs.get;jobs.review;reports.get;attachments.getContent;session.get;members.list;alerts.get;units.get,tab,D01 session/scope; primary reads success (public routes exempt),D09 dirty confirmation; role/logout purge; D10 navigation,jobs.get;reports.get;session.get;members.list,attachments.getContent;alerts.get;units.get,initial;loading;success;empty;error;offline;permission-denied;not-found;stale;connecting;device-error;device-online;device-offline,"D10; onSubmit→operation→ServiceResult→invalidate→render again; disabled while a write is pending; IR83 keep data while refetching (aria-busy), stale on refetch failure; IR218 review opens on the last reportRef, IR31 reviewAvailability disables the decisions, evidence check gates Accept, CONFLICT shows the latest state",overview,overview,FR-P05 Report quality review and return / FR-P08 Outsourcing and work-period boundaries,JobDetail|JobOfferSummary|JobHistorySnapshot;MaintenanceJob;WorkReport;Blob;Session;Page<Membership>;Alert;UnitDetail,FR-X01;FR-X03;FR-X04;FR-X05;FR-X06;FR-X07;NFR-01;NFR-02;NFR-03;NFR-04;NFR-05;NFR-06;NFR-07;NFR-08,"On initial load, URL condition changes, invalidation after success, and subscription updates. Keep query disabled and show no selection until required target IDs, period, and selections are available. Run preview/resolve/eligible only after an explicit action. Fetch only sections allowed by each permission. Request policy Queries only for policy permission holders, not read-only/resolve users.  Apply SR04 dependency order and SR11 URL schema."
SCR-P06,/partner/team,contractor,DD-P06;DD-P08;DD-P09,FR-P06;FR-P08;FR-P09,`TeamCapacity`,members.list;jobs.list;members.capacity;session.get;certificates.list;certificates.submit;certificates.requestTraining;members.setUnavailability,"tab,sort,date,qualification,activeOnly,orgId",D01 session/scope; primary reads success (public routes exempt),D09 dirty confirmation; role/logout purge; D10 navigation,members.list;jobs.list;members.capacity;session.get,certificates.list,initial;loading;success;empty;error;offline;permission-denied;not-found;stale,"D10; onSubmit→operation→ServiceResult→invalidate→render again; disabled while a write is pending; IR23 offer/history/summary branches; history opens detailed history with no unit link; IR34 onSortChange: status/severity/dueAt asc/desc, default status asc, URL sort, reset cursor; IR83 keep data while refetching (aria-busy), stale on refetch failure",overview,"overview,certifications",FR-P06 Team capacity and unavailable days / FR-P09 Certificate expiry and renewals / FR-P08 Outsourcing and work-period boundaries,Page<Membership>;Page<JobSummary|JobOfferSummary|JobHistorySnapshot>;Page<Capacity>;Session;Page<Certificate>;Certificate;Unavailability,FR-X01;FR-X03;FR-X04;FR-X05;FR-X06;FR-X07;NFR-01;NFR-02;NFR-03;NFR-04;NFR-05;NFR-06;NFR-07;NFR-08,"On initial load, URL condition changes, invalidation after success, and subscription updates. Keep query disabled and show no selection until required target IDs, period, and selections are available. Run preview/resolve/eligible only after an explicit action. Fetch only sections allowed by each permission. Request policy Queries only for policy permission holders, not read-only/resolve users.  Apply SR04 dependency order and SR11 URL schema."
SCR-P07,/partner/history,contractor,DD-P07;DD-P08,FR-P07;FR-P08,`PartnerHistory`,jobs.events;jobs.addNote;notifications.preview;session.get;notifications.recipients;jobs.list;members.list;units.list,"jobId,tab,sort,period",D01 session/scope; primary reads success (public routes exempt),D09 dirty confirmation; role/logout purge; D10 navigation,jobs.list;jobs.events;session.get,notifications.recipients;members.list;units.list,initial;loading;success;empty;error;offline;permission-denied;not-found;stale;connecting;device-error;device-online;device-offline,"D10; onSubmit→operation→ServiceResult→invalidate→render again; disabled while a write is pending; IR83 keep data while refetching (aria-busy), stale on refetch failure; IR34 onSortChange (latest event or status); IR228 the job list with tabs and the timeline of one job; customer-visible = every event except internal notes; a completed or cancelled job takes only the preview, an ended delegation nothing",overview,overview,FR-P07 Job communication and history / FR-P08 Outsourcing and work-period boundaries,Page<JobEvent>;JobNote;NotificationPreview;Session;Page<NotificationRecipient>;Page<JobSummary|JobOfferSummary|JobHistorySnapshot>;Page<Membership>;Page<UnitSummary>,FR-X01;FR-X03;FR-X04;FR-X05;FR-X06;FR-X07;NFR-01;NFR-02;NFR-03;NFR-04;NFR-05;NFR-06;NFR-07;NFR-08,"On initial load, URL condition changes, invalidation after success, and subscription updates. Keep query disabled and show no selection until required target IDs, period, and selections are available. Run preview/resolve/eligible only after an explicit action. Fetch only sections allowed by each permission. Request policy Queries only for policy permission holders, not read-only/resolve users.  Apply SR04 dependency order and SR11 URL schema."
SCR-P09,/partner/jobs,contractor,DD-P01;DD-P08,FR-P01;FR-P08,`PartnerJobList`,jobs.list;session.get;members.list;units.list,"tab,sort,status,from,to,cursor,page",D01 session/scope; primary reads success (public routes exempt),D09 dirty confirmation; role/logout purge; D10 navigation,jobs.list;session.get,members.list;units.list,initial;loading;success;empty;error;offline;permission-denied;not-found;stale;connecting;device-error;device-online;device-offline,"D10; onSubmit→operation→ServiceResult→invalidate→render again; disabled while a write is pending; IR23 offer/history/summary branches; history opens detailed history with no unit link; IR34 onSortChange: status/severity/dueAt asc/desc, default status asc, URL sort, reset cursor; IR89 badge for assigned/in_progress with scheduledSlot.endAt<=now; IR83 keep data while refetching (aria-busy), stale on refetch failure; IR225 tabs All/Offered/Active/Review/Completed with one jobs.list total each, sort status/dueAt/severity, the overview period, cursor paging that restarts at page 1 when the cursor no longer fits; rows open the offer, the schedule, the job detail or the quality review",overview,overview,FR-P01 Contractor job list with status tabs (All/Offered/Active/Review/Completed) / FR-P08 Outsourcing and work-period boundaries,Page<JobSummary|JobOfferSummary|JobHistorySnapshot>;Session;Page<Membership>;Page<UnitSummary>,FR-X01;FR-X03;FR-X04;FR-X05;FR-X06;FR-X07;NFR-01;NFR-02;NFR-03;NFR-04;NFR-05;NFR-06;NFR-07;NFR-08,"On initial load, URL condition changes, invalidation after success, and subscription updates. Keep query disabled and show no selection until required target IDs, period, and selections are available. Run preview/resolve/eligible only after an explicit action. Fetch only sections allowed by each permission. Request policy Queries only for policy permission holders, not read-only/resolve users.  Apply SR04 dependency order and SR11 URL schema."
SCR-P10,/partner/payouts,contractor,DD-P10;DD-P08,FR-P10;FR-P08,`PartnerPayouts`,payouts.list;payouts.get;payouts.query;rateCards.list;session.get;jobs.get;units.get;jobs.list,"statementId,period,status",D01 session/scope; primary reads success (public routes exempt),D09 dirty confirmation; role/logout purge; D10 navigation,payouts.list;payouts.get;session.get,rateCards.list;jobs.get;units.get;jobs.list,initial;loading;success;empty;error;offline;permission-denied;not-found;stale;connecting;device-error;device-online;device-offline,"D10; onSubmit→operation→ServiceResult→invalidate→render again; disabled while a write is pending; IR83 keep data while refetching (aria-busy), stale on refetch failure; IR111 only approved or paid statements are visible; IR218 jobs.list is a lookup of the jobs still in review (Not included rows), no job list sort; period/status URL filters; Ask HQ with the statement version; Download PDF in the browser",overview,overview,FR-P10 Payout statements and questions to HQ / FR-P08 Outsourcing and work-period boundaries,Page<PayoutStatement>;PayoutStatement;Page<RateCard>;Session;JobDetail|JobOfferSummary|JobHistorySnapshot;UnitDetail;Page<JobSummary|JobOfferSummary|JobHistorySnapshot>,FR-X01;FR-X03;FR-X04;FR-X05;FR-X06;FR-X07;NFR-01;NFR-02;NFR-03;NFR-04;NFR-05;NFR-06;NFR-07;NFR-08,"On initial load, URL condition changes, invalidation after success, and subscription updates. Keep query disabled and show no selection until required target IDs, period, and selections are available. Run preview/resolve/eligible only after an explicit action. Fetch only sections allowed by each permission. Request policy Queries only for policy permission holders, not read-only/resolve users.  Apply SR04 dependency order and SR11 URL schema."
SCR-T01,/technician,technician,DD-T01;DD-T13,FR-T01;FR-T13,`TechnicianOverview`,jobs.list;alerts.list;summaries.get;units.resolveQr;units.list;units.get;jobs.get,"tab,sort,status,severity",D01 session/scope; primary reads success (public routes exempt),D09 dirty confirmation; role/logout purge; D10 navigation,jobs.list;alerts.list;summaries.get,units.list;units.get;jobs.get,initial;loading;success;empty;error;offline;permission-denied;not-found;stale;connecting;device-error;device-online;device-offline,"D10; onSubmit→operation→ServiceResult→invalidate→render again; disabled while a write is pending; IR23 offer/history/summary branches; history opens detailed history with no unit link; IR34 onSortChange: status/severity/dueAt asc/desc, default status asc, URL sort, reset cursor; IR49 before work window: read-only job, operations disabled with start time; IR83 keep data while refetching (aria-busy), stale on refetch failure; IR111 QR scan resolves only assigned units; others show Page unavailable; IR229 tiles from summaries.get, Today = slots touching today (KL), All = every current assignment; pending acknowledgements in one banner; Sidebar › Assigned jobs active for tab=all; IR230 Scan QR: units.resolveQr then units.get and jobs.get for the matched card (before the work window the unit is named from units.list), NOT_FOUND = Page unavailable without unit data",today,"today,all",FR-T01 Technician overview / FR-T13 Scan unit QR,Page<JobSummary|JobOfferSummary|JobHistorySnapshot>;Page<Alert>;Summary;QrResolution;Page<UnitSummary>;UnitDetail;JobDetail|JobOfferSummary|JobHistorySnapshot,FR-T08;FR-X01;FR-X03;FR-X04;FR-X05;FR-X06;FR-X07;NFR-01;NFR-02;NFR-03;NFR-04;NFR-05;NFR-06;NFR-07;NFR-08,"On initial load, URL condition changes, invalidation after success, and subscription updates. Keep query disabled and show no selection until required target IDs, period, and selections are available. Run preview/resolve/eligible only after an explicit action. Fetch only sections allowed by each permission. Request policy Queries only for policy permission holders, not read-only/resolve users.  Apply SR04 dependency order and SR11 URL schema."
SCR-T02,/technician/units/:id,technician,DD-T02;DD-T03,FR-T02;FR-T03,`DiagnosticUnit`;`TelemetryPanel`,units.get;devices.list;telemetry.series;telemetry.summary,"jobId,metric",D01 session/scope; primary reads success (public routes exempt),D09 dirty confirmation; role/logout purge; D10 navigation,units.get;devices.list;telemetry.summary,telemetry.series,initial;loading;success;empty;error;offline;permission-denied;not-found;stale;connecting;device-error;device-online;device-offline;work-not-started,"D10; onSubmit→operation→ServiceResult→invalidate→render again; disabled while a write is pending; IR49 before work window: read-only job, operations disabled with start time; IR76 work-not-started before scheduledStart; IR89 end warning 15min and discard at scheduledEnd; IR83 keep data while refetching (aria-busy), stale on refetch failure",overview,overview,FR-T02 Unit register / FR-T03 Time-series monitoring,UnitDetail;Page<Device>;AirSeries;TelemetrySummary,FR-X01;FR-X03;FR-X04;FR-X05;FR-X06;FR-X07;NFR-01;NFR-02;NFR-03;NFR-04;NFR-05;NFR-06;NFR-07;NFR-08,"On initial load, URL condition changes, invalidation after success, and subscription updates. Keep query disabled and show no selection until required target IDs, period, and selections are available. Run preview/resolve/eligible only after an explicit action. Fetch only sections allowed by each permission. Request policy Queries only for policy permission holders, not read-only/resolve users.  Apply SR04 dependency order and SR11 URL schema."
SCR-T04,/technician/jobs/:id,technician,DD-T04;DD-T05;DD-T06;DD-T08;DD-T09;DD-T13;DD-T14;DD-T15,FR-T04;FR-T05;FR-T06;FR-T08;FR-T09;FR-T13;FR-T14;FR-T15,`InspectionForm`;`JobWorkspace`;`ReportEditor`,jobs.get;jobs.saveDraft;jobs.submit;reports.get;jobs.start;jobs.resumeRework;attachments.add;attachments.getContent;units.get;units.resolveQr;jobs.checkIn;jobs.pauseWork;reports.signOff;parts.list;jobs.acknowledgeAssignment,"reportId,reportVersion,tab",D01 session/scope; primary reads success (public routes exempt),D09 dirty confirmation; role/logout purge; D10 navigation,jobs.get;reports.get;units.get,attachments.getContent;parts.list,initial;loading;success;empty;error;offline;permission-denied;not-found;stale;work-not-started;connecting;device-error;device-online;device-offline,"D10; onSubmit→operation→ServiceResult→invalidate→render again; disabled while a write is pending; IR49 before work window: read-only job, operations disabled with start time; IR76 work-not-started before scheduledStart; IR89 end warning 15min and discard at scheduledEnd; IR83 keep data while refetching (aria-busy), stale on refetch failure; IR100 all components required at submit; IR111 check-in starts the job; IR221 check-in resolves the scanned label with units.resolveQr (the job's unit only), submit issues re-checked as the draft changes, photos JPEG/PNG ≤5 MiB ≤10 checked before the upload; sign-off attaches to the draft report version",indoor,"indoor,outdoor,electrical","FR-T04 Indoor unit inspection / FR-T05 Outdoor unit inspection / FR-T06 Electrical and control inspection / FR-T08 Periodic inspection, repair, and preventive maintenance / FR-T09 Work reports / FR-T13 Check in at site / FR-T14 Parts, refrigerant and time on site / FR-T15 Customer sign-off",JobDetail|JobOfferSummary|JobHistorySnapshot;WorkReport;MaintenanceJob;Attachment;Blob;UnitDetail;QrResolution;Page<PartCatalogItem>;Assignment,FR-T01;FR-X01;FR-X03;FR-X04;FR-X05;FR-X06;FR-X07;NFR-01;NFR-02;NFR-03;NFR-04;NFR-05;NFR-06;NFR-07;NFR-08,"On initial load, URL condition changes, invalidation after success, and subscription updates. Keep query disabled and show no selection until required target IDs, period, and selections are available. Run preview/resolve/eligible only after an explicit action. Fetch only sections allowed by each permission. Request policy Queries only for policy permission holders, not read-only/resolve users.  Apply SR04 dependency order and SR11 URL schema."
SCR-T07,/technician/units/:id/alerts,technician,DD-T07,FR-T07,`DiagnosticEvidence`,alerts.list;alerts.get;alerts.acknowledge;alerts.resolve,jobId,D01 session/scope; primary reads success (public routes exempt),D09 dirty confirmation; role/logout purge; D10 navigation,alerts.list;alerts.get,none,initial;loading;success;empty;error;offline;permission-denied;not-found;stale;connecting;device-error;device-online;device-offline;work-not-started,"D10; onSubmit→operation→ServiceResult→invalidate→render again; disabled while a write is pending; IR49 before work window: read-only job, operations disabled with start time; IR76 work-not-started before scheduledStart; IR89 end warning 15min and discard at scheduledEnd; IR83 keep data while refetching (aria-busy), stale on refetch failure",overview,overview,FR-T07 Fault evidence,Page<Alert>;Alert,FR-X01;FR-X03;FR-X04;FR-X05;FR-X06;FR-X07;NFR-01;NFR-02;NFR-03;NFR-04;NFR-05;NFR-06;NFR-07;NFR-08,"On initial load, URL condition changes, invalidation after success, and subscription updates. Keep query disabled and show no selection until required target IDs, period, and selections are available. Run preview/resolve/eligible only after an explicit action. Fetch only sections allowed by each permission. Request policy Queries only for policy permission holders, not read-only/resolve users.  Apply SR04 dependency order and SR11 URL schema."
SCR-T10,/technician/units/:id/control,technician,DD-T10,FR-T10,`DiagnosticControl`,commands.create;commands.get;diagnosticRuns.create;diagnosticRuns.get;units.get;jobs.get;diagnosticRuns.list;commands.list,jobId,D01 session/scope; primary reads success (public routes exempt),D09 dirty confirmation; role/logout purge; D10 navigation,commands.get;diagnosticRuns.get;units.get;jobs.get,diagnosticRuns.list;commands.list,initial;loading;success;empty;error;offline;permission-denied;not-found;stale;connecting;device-error;device-online;device-offline;work-not-started,"D10; onSubmit→operation→ServiceResult→invalidate→render again; disabled while a write is pending; IR46 restriction action table; IR47 OFFLINE by derived connection/powerSignal; IR49 before work window: read-only job, operations disabled with start time; IR76 work-not-started before scheduledStart; IR89 end warning 15min and discard at scheduledEnd; IR83 keep data while refetching (aria-busy), stale on refetch failure",overview,overview,FR-T10 Remote diagnosis and commissioning,Command;DiagnosticRun;UnitDetail;JobDetail|JobOfferSummary|JobHistorySnapshot;Page<DiagnosticRun>;Page<Command>,FR-T11;FR-X01;FR-X03;FR-X04;FR-X05;FR-X06;FR-X07;NFR-01;NFR-02;NFR-03;NFR-04;NFR-05;NFR-06;NFR-07;NFR-08,"On initial load, URL condition changes, invalidation after success, and subscription updates. Keep query disabled and show no selection until required target IDs, period, and selections are available. Run preview/resolve/eligible only after an explicit action. Fetch only sections allowed by each permission. Request policy Queries only for policy permission holders, not read-only/resolve users.  Apply SR04 dependency order and SR11 URL schema."
SCR-T11,/technician/devices,technician,DD-T11,FR-T11,`DeviceMaintenance`,devices.list;devices.register;devices.bind;devices.check;devices.calibrate;devices.updateFirmware;devices.get;units.list;units.get;jobs.list;devices.calibrations;devices.operations,"deviceId,unitId,jobId,tab",D01 session/scope; primary reads success (public routes exempt),D09 dirty confirmation; role/logout purge; D10 navigation,devices.list;devices.get;units.list;units.get;jobs.list,devices.calibrations;devices.operations,initial;loading;success;empty;error;offline;permission-denied;not-found;stale;connecting;device-error;device-online;device-offline;work-not-started,"D10; onSubmit→operation→ServiceResult→invalidate→render again; disabled while a write is pending; IR217 jobs.list is a lookup of the assigned job per unit (IR94 jobId), no job list is shown, so no job sort; IR67 operations start on the scheduler one second after creation and end with the device result or TIMEOUT at 60 s — refresh while one is open; only firmware candidates above the installed version; IR49 before work window: read-only job, operations disabled with start time; IR76 work-not-started before scheduledStart; IR89 end warning 15min and discard at scheduledEnd; IR83 keep data while refetching (aria-busy), stale on refetch failure",overview,overview,FR-T11 IoT device lifecycle management,Page<Device>;Device;DeviceOperation;CalibrationRecord;DeviceDetail;Page<UnitSummary>;UnitDetail;Page<JobSummary|JobOfferSummary|JobHistorySnapshot>;Page<CalibrationRecord>;Page<DeviceOperation>,FR-X01;FR-X03;FR-X04;FR-X05;FR-X06;FR-X07;NFR-01;NFR-02;NFR-03;NFR-04;NFR-05;NFR-06;NFR-07;NFR-08,"On initial load, URL condition changes, invalidation after success, and subscription updates. Keep query disabled and show no selection until required target IDs, period, and selections are available. Run preview/resolve/eligible only after an explicit action. Fetch only sections allowed by each permission. Request policy Queries only for policy permission holders, not read-only/resolve users.  Apply SR04 dependency order and SR11 URL schema."
SCR-T12,/technician/devices/:id,technician,DD-T12,FR-T12,`DeviceEvents`,devices.get;devices.events;alerts.acknowledge;devices.addResponseNote;alerts.get;devices.list;units.list;units.get;jobs.list,tab,D01 session/scope; primary reads success (public routes exempt),D09 dirty confirmation; role/logout purge; D10 navigation,devices.get;devices.list;units.list;jobs.list,devices.events;alerts.get;units.get,initial;loading;success;empty;error;offline;permission-denied;not-found;stale;connecting;device-error;device-online;device-offline,"D10; onSubmit→operation→ServiceResult→invalidate→render again; disabled while a write is pending; IR217 the device list of T11 beside the events (devices.list, units.list, units.get; jobs.list is a lookup of the assigned job per unit, no job list is shown, so no job sort); tiles show when the open fault of each axis was detected; acknowledge links of open Alerts beside the response note; IR83 keep data while refetching (aria-busy), stale on refetch failure",overview,overview,FR-T12 IoT device faults,DeviceDetail;Page<DeviceEvent>;Alert;DeviceEvent;Page<Device>;Page<UnitSummary>;UnitDetail;Page<JobSummary|JobOfferSummary|JobHistorySnapshot>,FR-X01;FR-X03;FR-X04;FR-X05;FR-X06;FR-X07;NFR-01;NFR-02;NFR-03;NFR-04;NFR-05;NFR-06;NFR-07;NFR-08,"On initial load, URL condition changes, invalidation after success, and subscription updates. Keep query disabled and show no selection until required target IDs, period, and selections are available. Run preview/resolve/eligible only after an explicit action. Fetch only sections allowed by each permission. Request policy Queries only for policy permission holders, not read-only/resolve users.  Apply SR04 dependency order and SR11 URL schema. SR23: acknowledge using DeviceEvent.alertIds→alerts.get→Alert.version"
SCR-A01,/admin,admin,DD-A01,FR-A01,`AdminOverview`,admin.summary;customers.list;properties.list,"tab,customerId,propertyId,period,from,to",D01 session/scope; primary reads success (public routes exempt),D09 dirty confirmation; role/logout purge; D10 navigation,admin.summary,customers.list;properties.list,initial;loading;success;empty;error;offline;permission-denied;not-found;stale;connecting;device-error;device-online;device-offline,"D10; onSubmit→operation→ServiceResult→invalidate→render again; disabled while a write is pending; IR50 KPI drill-down URL (C01→/customer/properties, A01→/admin/units) without period; IR78 energyForecast card with prorated modeled baseline labels; IR83 keep data while refetching (aria-busy), stale on refetch failure; DD-A01 steps 5–9: sections derive only from AdminSummary (power and connection axes, jobCounts by status, amountsByCurrency per currency, energySummary actuals, energyForecast card); billingVisibility=forbidden shows “Not permitted” (not 0) and hides billing links; /admin/energy link only for energy.write; first minute of today shows “No completed measurement interval” without calling admin.summary IR244 every section from admin.summary for the URL scope and period (today, 7d, 30d, custom from–to up to 366 days): the as-of line with the period and Refresh, the eight KPIs with scoped links, the forecast card (reduction / increase / no change, or why there is none), the power and connection bars with one row and link per class, all ten job statuses linking to the Jobs tab stage, billing per currency (hidden without billing.read); the filter options from customers.list / properties.list",overview,overview,FR-A01 Overall dashboard,AdminSummary;Page<Customer>;Page<Property>,FR-X01;FR-X03;FR-X04;FR-X05;FR-X06;FR-X07;NFR-01;NFR-02;NFR-03;NFR-04;NFR-05;NFR-06;NFR-07;NFR-08,"On initial load, URL condition changes, invalidation after success, and subscription updates. Keep query disabled and show no selection until required target IDs, period, and selections are available. Run preview/resolve/eligible only after an explicit action. Fetch only sections allowed by each permission. Request policy Queries only for policy permission holders, not read-only/resolve users.  Apply SR04 dependency order and SR11 URL schema."
SCR-A02,/admin/units,admin,DD-A02;DD-A17;DD-A18;DD-A19,FR-A02;FR-A17;FR-A18;FR-A19,`AssetRegistry`,organizations.list;organizations.save;customers.list;customers.save;properties.save;spaces.save;units.save;units.archive;units.list;units.get;properties.list;spaces.list;capabilities.list;units.delete;commands.create;commands.get;diagnosticRuns.list;diagnosticRuns.get;clientUsers.list;clientUsers.save;clientUsers.remove;clientUsers.resendInvite;units.importPreview;units.importCommit;units.importUndo;units.coverage;jobs.recordWarrantyClaim;units.setAlertPolicies;policies.list;properties.archive;spaces.archive,"unitId,tab,customerId,propertyId,powerState,connections,locationId,search",D01 session/scope; primary reads success (public routes exempt),D09 dirty confirmation; role/logout purge; D10 navigation,organizations.list;customers.list;units.list;units.get;properties.list;spaces.list;capabilities.list;commands.get,diagnosticRuns.list;diagnosticRuns.get;clientUsers.list;units.coverage;policies.list,initial;loading;success;empty;error;offline;permission-denied;not-found;stale;connecting;device-error;device-online;device-offline,"D10; onSubmit→operation→ServiceResult→invalidate→render again; disabled while a write is pending; IR46 restriction action table; IR47 OFFLINE by derived connection/powerSignal; IR83 keep data while refetching (aria-busy), stale on refetch failure; IR108 unit edit attaches the customer’s policies; IR111 tabs Units & locations / Users / Alert policies / Warranty & coverage; Customer filter is a search-select",overview,"overview,users,policies,warranty",FR-A02 Customers & units (customer list → location tree → room units → unit edit) / FR-A17 Client user accounts / FR-A18 CSV unit import / FR-A19 Warranty and coverage,Page<Organization>;Organization;Page<Customer>;Customer;Property;Space;ACUnit;ArchivedResource;Page<UnitSummary>;UnitDetail;Page<Property>;Page<Space>;Page<Capability>;DeletedResource;Command;Page<DiagnosticRun>;DiagnosticRun;Page<ClientUser>;ClientUser;NotificationPreview;ImportPreview;UnitImport;Page<UnitCoverage>;MaintenanceJob;Page<Policy>,FR-A05;FR-X01;FR-X03;FR-X04;FR-X05;FR-X06;FR-X07;NFR-01;NFR-02;NFR-03;NFR-04;NFR-05;NFR-06;NFR-07;NFR-08,"On initial load, URL condition changes, invalidation after success, and subscription updates. Keep query disabled and show no selection until required target IDs, period, and selections are available. Run preview/resolve/eligible only after an explicit action. Fetch only sections allowed by each permission. Request policy Queries only for policy permission holders, not read-only/resolve users.  Apply SR04 dependency order and SR11 URL schema."
SCR-A03,/admin/settings/access,admin,DD-A03,FR-A03,`UserAccessManager`,members.list;members.save;organizations.list,"membershipId ('new' or ID),tab,role,status",D01 session/scope; primary reads success (public routes exempt),D09 dirty confirmation; role/logout purge; D10 navigation,members.list;organizations.list,none,initial;loading;success;empty;error;offline;permission-denied;not-found;stale,"D10; onSubmit→operation→ServiceResult→invalidate→render again; disabled while a write is pending; membershipId=new opens a blank creation form (members.save with no id); revoke is a members.save setting validUntil<=now, never a delete; permissions render as one independent toggle per canonical permission (BR-A03), never a read-only role-derived summary; IR83 keep data while refetching (aria-busy), stale on refetch failure; IR107 Write implies Read; identity.write and restriction.override can only be granted by another identity administrator",overview,overview,"FR-A03 Access & roles for HQ, contractor and technician memberships (38 Read/Write/action permissions; client accounts live in SCR-A02 Users)",Page<Membership>;Membership;Page<Organization>,FR-X01;FR-X03;FR-X04;FR-X05;FR-X06;FR-X07;NFR-01;NFR-02;NFR-03;NFR-04;NFR-05;NFR-06;NFR-07;NFR-08,"On initial load, URL condition changes, invalidation after success, and subscription updates. Keep query disabled and show no selection until required target IDs, period, and selections are available. Run preview/resolve/eligible only after an explicit action. Fetch only sections allowed by each permission. Request policy Queries only for policy permission holders, not read-only/resolve users.  Apply SR04 dependency order and SR11 URL schema."
SCR-A04,/admin/devices,admin,DD-A04;DD-A20,FR-A04;FR-A20,`DeviceRegistry`,capabilities.list;capabilities.save;devices.list;devices.get;devices.register;devices.bind;devices.check;devices.calibrate;devices.updateFirmware;units.list;units.get;devices.calibrations;devices.operations;devices.events;audit.list;firmwareCampaigns.list;firmwareCampaigns.get;firmwareCampaigns.schedule;firmwareCampaigns.control,"deviceId,tab,campaignId",D01 session/scope; primary reads success (public routes exempt),D09 dirty confirmation; role/logout purge; D10 navigation,capabilities.list;devices.list;devices.get;units.list;units.get,devices.calibrations;devices.operations;devices.events;audit.list;firmwareCampaigns.list;firmwareCampaigns.get,initial;loading;success;empty;error;offline;permission-denied;not-found;stale;connecting;device-error;device-online;device-offline,"D10; onSubmit→operation→ServiceResult→invalidate→render again; disabled while a write is pending; IR83 keep data while refetching (aria-busy), stale on refetch failure; tab=models shows the capability register and editor, tab=devices shows the device list and the deviceId detail; Version history lists audit.list(targetId=capabilityId) entries (previousVersion→nextVersion, maskedBefore/After, reason); Device events opens devices.events for the selected deviceId",models,"models,devices,firmware",FR-A04 Devices and models / FR-A20 Firmware campaigns,Page<Capability>;Capability;Page<Device>;DeviceDetail;Device;DeviceOperation;CalibrationRecord;Page<UnitSummary>;UnitDetail;Page<CalibrationRecord>;Page<DeviceOperation>;Page<DeviceEvent>;Page<AuditView>;Page<FirmwareCampaign>;FirmwareCampaign,FR-X01;FR-X03;FR-X04;FR-X05;FR-X06;FR-X07;NFR-01;NFR-02;NFR-03;NFR-04;NFR-05;NFR-06;NFR-07;NFR-08,"On initial load, URL condition changes, invalidation after success, and subscription updates. Keep query disabled and show no selection until required target IDs, period, and selections are available. Run preview/resolve/eligible only after an explicit action. Fetch only sections allowed by each permission. Request policy Queries only for policy permission holders, not read-only/resolve users.  Apply SR04 dependency order and SR11 URL schema. devices.events only after deviceId selection; audit.list only on explicit Version history open and only with audit.read (hide the entry point otherwise)."
SCR-A05,/admin/alerts,admin,DD-A05;DD-A12,FR-A05;FR-A12,`AlertPolicyEditor`,alerts.list;policies.save;notifications.preview;policies.list;policies.get;alerts.get;alerts.acknowledge;alerts.resolve;notifications.recipients;units.list;units.get;telemetry.series;policies.setDefaultRule;policies.delete;units.setAlertPolicies;customers.list;automations.simulate;automations.fire;commands.get,"alertId,policyId,customerId,propertyId,unitId,tab",D01 session/scope; primary reads success (public routes exempt),D09 dirty confirmation; role/logout purge; D10 navigation,alerts.list;policies.list;policies.get;alerts.get,notifications.recipients;units.list;units.get;telemetry.series;customers.list,initial;loading;success;empty;error;offline;permission-denied;not-found;stale;connecting;device-error;device-online;device-offline,"D10; onSubmit→operation→ServiceResult→invalidate→render again; disabled while a write is pending; IR07 common Policy form with visible defaults; IR83 keep data while refetching (aria-busy), stale on refetch failure; tab=alerts shows the alert list and the alertId detail (Acknowledge / Resolve with reason and evidence, IR66); tab=policies shows the policy list (scope filter customerId→propertyId→unitId, grouped by target customer, policies spanning several customers under Across customers) and the policyId editor with notifications.preview and the demo test panel; when a policy targets units outside the current filter, show a shared-policy warning listing them before save; New policy with unitId prefills unitIds; IR108 Policies tab grouped Default → per customer; units are attached from unit edit; Customer/Property/Unit filters are search-selects",alerts,"alerts,policies",FR-A05 Alerts and customer-owned alert policies incl. the HQ default policy / FR-A12 Air-quality limits as alert policies (former SCR-A12 merged),Page<Alert>;Policy;NotificationPreview;Page<Policy>;Alert;Page<NotificationRecipient>;Page<UnitSummary>;UnitDetail;AirSeries;DefaultRuleSetting;DeletedResource;ACUnit;Page<Customer>;SimulationResult;FireResult;Command,FR-X01;FR-X03;FR-X04;FR-X05;FR-X06;FR-X07;NFR-01;NFR-02;NFR-03;NFR-04;NFR-05;NFR-06;NFR-07;NFR-08,"On initial load, URL condition changes, invalidation after success, and subscription updates. Keep query disabled and show no selection until required target IDs, period, and selections are available. Run preview/resolve/eligible only after an explicit action. Fetch only sections allowed by each permission. Request policy Queries only for policy permission holders, not read-only/resolve users.  Apply SR04 dependency order and SR11 URL schema. telemetry.series(unitIds=[alert.unitId], metric of the alert, from=detectedAt) only when the Resolve dialog opens, to list remeasurement candidates."
SCR-A06,/admin/jobs,admin,DD-A06;DD-A21;DD-A22,FR-A06;FR-A21;FR-A22,`MaintenanceCoordinator`,jobs.list;jobs.create;jobs.offer;jobs.assign;jobs.review;jobs.saveCost;jobs.hold;jobs.resumeHold;jobs.cancel;plans.save;plans.generateNext;jobs.get;reports.get;attachments.getContent;members.eligible;organizations.list;jobs.extendAccess;plans.list;plans.get;units.list;contractors.list;contractors.save;contractors.setOfferStatus;rateCards.list;rateCards.save;certificates.list;certificates.verify;sla.scorecard;sla.saveTargets;jobs.classifyFollowUp;jobs.proposeSlot;jobs.withdrawProposal;jobs.resolvePartnerSlot;jobs.events;customers.list;properties.list;members.list;units.get,"jobId,reportId,reportVersion,tab,planId,sort,customerId,propertyId,unitId,contractorId,stage,origin,delivery,assignee,overdue,type",D01 session/scope; primary reads success (public routes exempt),D09 dirty confirmation; role/logout purge; D10 navigation,jobs.list;jobs.get;reports.get;members.eligible;organizations.list;plans.list;plans.get;units.list,attachments.getContent;contractors.list;rateCards.list;certificates.list;sla.scorecard;jobs.events;customers.list;properties.list;members.list;units.get,initial;loading;success;empty;error;offline;permission-denied;not-found;stale;connecting;device-error;device-online;device-offline,"D10; onSubmit→operation→ServiceResult→invalidate→render again; disabled while a write is pending; IR23 offer/history/summary branches; history opens detailed history with no unit link; IR34 onSortChange: status/severity/dueAt asc/desc, default status asc, URL sort, reset cursor; IR89 badge for assigned/in_progress with scheduledSlot.endAt<=now; IR83 keep data while refetching (aria-busy), stale on refetch failure; tab=jobs shows the scope filter (customerId→propertyId→unitId), per-status counts computed from the scoped jobs.list result set, type/delivery/assignee/overdueOnly filters, the job list and the jobId detail (status stepper, delivery, report and review, costs per currency); jobs.cancel is disabled with the IR56 reason where not allowed; New job is two steps (jobs.create, then jobs.assign with members.eligible or jobs.offer); tab=plans shows plans.list and the planId detail with generated occurrences and plans.generateNext; IR231 Jobs tab: one jobs.list total per stage in the scope, filters in the URL, preferred times with members.eligible, booking with the time locked, proposals, partner time changes, hold/resume/cancel (IR56), follow-up classification; IR232 report card (reports.get, attachments.getContent, Open report), review normal or hq_escalation with a reason, cost lines saved whole (jobs.saveCost), New job step 1 jobs.create then step 2 booking on its preferred times, Extend access (jobs.extendAccess); IR233 Plans tab: plans.list in the scope next due first, plans.get, occurrence status from jobs.list, plans.save (New plan, every 1–12 months, next due in the display zone stored in UTC), plans.generateNext with the CONFLICT banner; a plan job books its occurrence; IR235 Contractors tab: contractor organizations with or without a profile, contractors.list KPIs, contractors.save (add / edit), contractors.setOfferStatus with a reason, rateCards.save as a new version from a future date, certificates.verify approve / reject with a reason; IR236 SLA tab: sla.scorecard for period (30/90/365) and contractorId with targets per plan, customers with plan type, breaches → job, Export CSV client-side, sla.saveTargets per plan type",jobs,"jobs,plans,contractors,sla","FR-A06 Maintenance jobs and plans / FR-A21 Contractor register, rate cards and certificate verification / FR-A22 SLA scorecard by customer",Page<JobSummary|JobOfferSummary|JobHistorySnapshot>;MaintenanceJob;MaintenancePlan;JobDetail|JobOfferSummary|JobHistorySnapshot;WorkReport;Blob;Page<Membership>;Page<Organization>;Page<MaintenancePlan>;Page<UnitSummary>;Page<ContractorProfile>;ContractorProfile;Page<RateCard>;RateCard;Page<Certificate>;Certificate;SlaScorecard;SlaTargets;Page<JobEvent>;Page<Customer>;Page<Property>;UnitDetail,FR-C17;FR-X01;FR-X03;FR-X04;FR-X05;FR-X06;FR-X07;NFR-01;NFR-02;NFR-03;NFR-04;NFR-05;NFR-06;NFR-07;NFR-08,"On initial load, URL condition changes, invalidation after success, and subscription updates. Keep query disabled and show no selection until required target IDs, period, and selections are available. Run preview/resolve/eligible only after an explicit action. Fetch only sections allowed by each permission. Request policy Queries only for policy permission holders, not read-only/resolve users. Use plans.get when planId is selected; use plans.list for the plan list.  Apply SR04 dependency order and SR11 URL schema."
SCR-A07,/admin/billing/contracts,admin,DD-A07,FR-A07,`ContractEditor`,contracts.list;contracts.save;customers.list;units.list,"contractId,tab,customerId,unitId,kind",D01 session/scope; primary reads success (public routes exempt),D09 dirty confirmation; role/logout purge; D10 navigation,contracts.list;customers.list;units.list,none,initial;loading;success;empty;error;offline;permission-denied;not-found;stale;connecting;device-error;device-online;device-offline,"D10; onSubmit→operation→ServiceResult→invalidate→render again; disabled while a write is pending; IR83 keep data while refetching (aria-busy), stale on refetch failure; scope filter customerId→unitId and plan-type chips (kind) filter contracts.list; the editor offers only the selected customer's active units, enables restrictionEligible and rulesVersion only for planType=rto, shows that saving creates a new version while issued invoices keep theirs, and blocks save while a restriction or unresolved recovery exists (SR19); New contract opens the same form without id",overview,overview,FR-A07 Contract plans,Page<Contract>;Contract;Page<Customer>;Page<UnitSummary>,FR-X01;FR-X03;FR-X04;FR-X05;FR-X06;FR-X07;NFR-01;NFR-02;NFR-03;NFR-04;NFR-05;NFR-06;NFR-07;NFR-08,"On initial load, URL condition changes, invalidation after success, and subscription updates. Keep query disabled and show no selection until required target IDs, period, and selections are available. Run preview/resolve/eligible only after an explicit action. Fetch only sections allowed by each permission. Request policy Queries only for policy permission holders, not read-only/resolve users.  Apply SR04 dependency order and SR11 URL schema."
SCR-A08,/admin/billing,admin,DD-A08;DD-A23,FR-A08;FR-A23,`BillingManager`,invoices.list;invoices.create;payments.confirm;notifications.preview;inquiries.list;inquiries.answer;payments.recordManual;contracts.list;invoices.get;notifications.recipients;invoices.remind;payouts.list;payouts.get;payouts.generate;payouts.transition;payouts.resolveQuery;rateCards.list,"invoiceId,inquiryId,tab,customerId,propertyId,contractId,overdueOnly,statementId",D01 session/scope; primary reads success (public routes exempt),D09 dirty confirmation; role/logout purge; D10 navigation,invoices.list;inquiries.list;contracts.list;invoices.get,notifications.recipients;payouts.list;payouts.get,initial;loading;success;empty;error;offline;permission-denied;not-found;stale,"D10; onSubmit→operation→ServiceResult→invalidate→render again; disabled while a write is pending; IR04 preview then explicit invoices.remind; paid/processing blocked; IR83 keep data while refetching (aria-busy), stale on refetch failure; tab=invoices shows the scope filter (customerId→propertyId→contractId), per-currency totals of the scoped result set (never converted), status chips, the invoice list and the invoiceId detail (payment method/status read-only, payments.confirm only for an existing processing Payment, payments.recordManual only when no Payment exists, reminder preview then invoices.remind for overdue unpaid invoices, related restriction IDs from InvoiceDetail.restrictionIds, linked inquiries); Create invoice opens invoices.create against a contract version; tab=inquiries lists inquiries.list with the inquiryId detail and inquiries.answer",invoices,"invoices,inquiries,payouts",FR-A08 Billing / FR-A23 Contractor payouts,Page<Invoice>;Invoice;Payment;NotificationPreview;Page<Inquiry>;Inquiry;Page<Contract>;InvoiceDetail;Page<NotificationRecipient>;InvoiceReminderReceipt;Page<PayoutStatement>;PayoutStatement;PayoutStatement[];Page<RateCard>,FR-X01;FR-X03;FR-X04;FR-X05;FR-X06;FR-X07;NFR-01;NFR-02;NFR-03;NFR-04;NFR-05;NFR-06;NFR-07;NFR-08,"On initial load, URL condition changes, invalidation after success, and subscription updates. Keep query disabled and show no selection until required target IDs, period, and selections are available. Run preview/resolve/eligible only after an explicit action. Fetch only sections allowed by each permission. Request policy Queries only for policy permission holders, not read-only/resolve users.  Apply SR04 dependency order and SR11 URL schema."
SCR-A09,/admin/restrictions,admin,DD-A09,FR-A09,`RestrictionManager`,restrictions.schedule;restrictions.execute;restrictions.release;commands.get;restrictions.list;restrictions.get;restrictions.retry;restrictions.reconcile;contracts.list;invoices.list;units.list;units.get,"restrictionId,tab,contractId,invoiceId,status",D01 session/scope; restriction.read OR restriction.override; primary list success,D09 dirty confirmation; role/logout purge; D10 navigation,restrictions.list,commands.get;restrictions.get;contracts.list;invoices.list;units.list;units.get,initial;loading;success;empty;error;offline;permission-denied;not-found;stale;connecting;device-error;device-online;device-offline,"D10; onSubmit→operation→ServiceResult→invalidate→render again; disabled while a write is pending; SR26: display recoveryCases and explicitly reconcile earlier records; IR83 keep data while refetching (aria-busy), stale on refetch failure; scope filter contractId/invoiceId, per-state counts of the scoped restrictions.list result set, the list and the restrictionId detail (lifecycle, notice and customer-visible reason, cause invoices with paid state, per-unit apply/release/observed with Retry/Reconcile only for eligible units, Execute only for scheduled at or after executeAfter, Request release disabled with the reason while cause invoices are unpaid and no grace/exception/override exists); Schedule restriction fixes cause invoices to all overdue unpaid invoices of the contract, excludes units with an active restriction or without the needed capability, and shows the notice recipients before save (IR05); the detail links to SCR-A10",overview,overview,"FR-A09 Advance notices, restrictions, and release after payment",Restriction;Command;Page<RestrictionRead>;RestrictionRead;Page<Contract>;Page<Invoice>;Page<UnitSummary>;UnitDetail,FR-X01;FR-X03;FR-X04;FR-X05;FR-X06;FR-X07;NFR-01;NFR-02;NFR-03;NFR-04;NFR-05;NFR-06;NFR-07;NFR-08,"On initial load, URL condition changes, invalidation after success, and subscription updates. Keep query disabled and show no selection until required target IDs, period, and selections are available. Run preview/resolve/eligible only after an explicit action. Fetch only sections allowed by each permission. Request policy Queries only for policy permission holders, not read-only/resolve users.  Apply SR04 dependency order and SR11 URL schema. IR03: override-only list/get only; management auxiliary queries require manage; link selected id to A10."
SCR-A10,/admin/restrictions/:id,admin,DD-A10,FR-A10,`RestrictionException`,restrictions.defer;restrictions.exempt;restrictions.cancel;restrictions.override;audit.list;restrictions.get;restrictions.retry;restrictions.reconcile;restrictions.list,tab,D01 session/scope; primary reads success (public routes exempt),D09 dirty confirmation; role/logout purge; D10 navigation,restrictions.get,audit.list;restrictions.list,initial;loading;success;empty;error;offline;permission-denied;not-found;stale;connecting;device-error;device-online;device-offline,"D10; onSubmit→operation→ServiceResult→invalidate→render again; disabled while a write is pending; IR83 keep data while refetching (aria-busy), stale on refetch failure; IR96 cancel state table and releaseIntent-based override actions; action cards for defer / exempt / cancel / override show the resulting state for the current state before save (IR96, IR35), override only for restriction.override holders; every action needs a reason and defer/exempt need a future until; the impact summary states that manual release never settles the invoice; the audit timeline appears only with audit.read",overview,overview,"FR-A10 Grace periods, exceptions, manual release, and audit",Restriction;RestrictionReleaseView;Page<AuditView>;RestrictionRead;Page<RestrictionRead>,FR-X01;FR-X03;FR-X04;FR-X05;FR-X06;FR-X07;NFR-01;NFR-02;NFR-03;NFR-04;NFR-05;NFR-06;NFR-07;NFR-08,"On initial load, URL condition changes, invalidation after success, and subscription updates. Keep query disabled and show no selection until required target IDs, period, and selections are available. Run preview/resolve/eligible only after an explicit action. Fetch only sections allowed by each permission. Request policy Queries only for policy permission holders, not read-only/resolve users.  Apply SR04 dependency order and SR11 URL schema. IR03: get/list allowed for override-only; audit only with audit.read; release projection has no billing fields."
SCR-A11,/admin/settings/automation,admin,DD-A11,FR-A11,`ControlPolicy`,policies.save;automations.simulate;automations.fire;policies.list;policies.get;units.list;units.get,"tab,policyId,customerId,propertyId,unitId",D01 session/scope; primary reads success (public routes exempt),D09 dirty confirmation; role/logout purge; D10 navigation,automations.simulate;policies.list;policies.get;units.list;units.get,none,initial;loading;success;empty;error;offline;permission-denied;not-found;stale;connecting;device-error;device-online;device-offline,"D10; onSubmit→operation→ServiceResult→invalidate→render again; disabled while a write is pending; IR07 common Policy form with visible defaults; IR83 keep data while refetching (aria-busy), stale on refetch failure; scope filter customerId→propertyId→unitId on policies.list(kind=automation), list grouped by target customer; the editor builds When (occupancy/tariff/peak/solar/battery) and Then (UnitAction within capabilities) as sentences, explains the tier order (capabilities/restrictions → HQ → customer), and shows automations.simulate results per unit (selected rule or suppressed reason); Fire (demo) calls automations.fire with a one-time key",overview,overview,FR-A11 Automation policies,Policy;SimulationResult;FireResult;Page<Policy>;Page<UnitSummary>;UnitDetail,FR-X01;FR-X03;FR-X04;FR-X05;FR-X06;FR-X07;NFR-01;NFR-02;NFR-03;NFR-04;NFR-05;NFR-06;NFR-07;NFR-08,"On initial load, URL condition changes, invalidation after success, and subscription updates. Keep query disabled and show no selection until required target IDs, period, and selections are available. Run preview/resolve/eligible only after an explicit action. Fetch only sections allowed by each permission. Request policy Queries only for policy permission holders, not read-only/resolve users.  Apply SR04 dependency order and SR11 URL schema."
SCR-A13,/admin/energy,admin,DD-A13,FR-A13,`EnergyAnalysis`,energy.summary;baselines.list;baselines.save;units.list,"tab,unitIds,baselineId,customerId,propertyId,unitId,from,to",D01 session/scope; primary reads success (public routes exempt),D09 dirty confirmation; role/logout purge; D10 navigation,energy.summary;baselines.list;units.list,none,initial;loading;success;empty;error;offline;permission-denied;not-found;stale;connecting;device-error;device-online;device-offline,"D10; onSubmit→operation→ServiceResult→invalidate→render again; disabled while a write is pending; SR29: Repository calculates measured values; show assumptions for modeled values; IR83 keep data while refetching (aria-busy), stale on refetch failure; tab=analysis selects customer, units (units.list), period and baseline, then shows energy.summary actual/baseline/difference (IR68 Reduction/Increase/No change/Cannot calculate), cost, emissions with the demo factor, the not-adjusted label, calculation conditions and quality warnings; tab=baselines filters baselines.list by customerId→propertyId→unitId and period, lists them and edits a new version with baselines.save (method, baselineKWh only for demo_fixed, boundaryId and description, assumptions, source)",analysis,"analysis,baselines",FR-A13 Energy-saving analysis,EnergySummary;Page<EnergyBaseline>;EnergyBaseline;Page<UnitSummary>,FR-X01;FR-X03;FR-X04;FR-X05;FR-X06;FR-X07;NFR-01;NFR-02;NFR-03;NFR-04;NFR-05;NFR-06;NFR-07;NFR-08,"On initial load, URL condition changes, invalidation after success, and subscription updates. Keep query disabled and show no selection until required target IDs, period, and selections are available. Run preview/resolve/eligible only after an explicit action. Fetch only sections allowed by each permission. Request policy Queries only for policy permission holders, not read-only/resolve users.  Apply SR04 dependency order and SR11 URL schema."
SCR-A14,/admin/mrv,admin,DD-A14,FR-A14,`MRVWorkspace`,mrv.preview;mrv.saveDraft;mrv.recordReview;factors.list;factors.save;mrv.list;mrv.get;baselines.list;organizations.list;units.list;mrv.versions,"reportId,reportVersion,tab,organizationId,unitId,status,from,to",D01 session/scope; primary reads success (public routes exempt),D09 dirty confirmation; role/logout purge; D10 navigation,mrv.preview;factors.list;mrv.list;mrv.get;baselines.list;organizations.list;units.list,mrv.versions,initial;loading;success;empty;error;offline;permission-denied;not-found;stale;connecting;device-error;device-online;device-offline,"D10; onSubmit→operation→ServiceResult→invalidate→render again; disabled while a write is pending; IR83 keep data while refetching (aria-busy), stale on refetch failure; tab=reports filters mrv.list by organizationId/unitId/period/status and shows the reportId detail with the reportVersion selector (mrv.versions; old versions read-only), results with energy savings shown separately from emissions, the stored condition snapshots, evidence, and demo review (latest version only; repeat returns the existing result); New report sets conditions (organizations.list → units.list, baselines.list, factors.list), previews with mrv.preview (nothing saved, Calculation incomplete when factor/boundary/coverage is missing) and saves with mrv.saveDraft; tab=factors lists factors.list and saves a new version with factors.save (region, year, kgCO2e/kWh, demo source); Demo — unverified stays visible",reports,"reports,factors",FR-A14 Digital MRV demo,MRVPreview;MRVReport;Page<EmissionFactor>;EmissionFactor;Page<MRVReport>;Page<EnergyBaseline>;Page<Organization>;Page<UnitSummary>,FR-X01;FR-X03;FR-X04;FR-X05;FR-X06;FR-X07;NFR-01;NFR-02;NFR-03;NFR-04;NFR-05;NFR-06;NFR-07;NFR-08,"On initial load, URL condition changes, invalidation after success, and subscription updates. Keep query disabled and show no selection until required target IDs, period, and selections are available. Run preview/resolve/eligible only after an explicit action. Fetch only sections allowed by each permission. Request policy Queries only for policy permission holders, not read-only/resolve users.  Apply SR04 dependency order and SR11 URL schema."
SCR-A15,/admin/offsets,admin,DD-A15,FR-A15,`OffsetRegistry`,offsets.preview;offsets.simulate;offsets.list;customers.list;units.list,"recordId,quoteId,tab",D01 session/scope; primary reads success (public routes exempt),D09 dirty confirmation; role/logout purge; D10 navigation,offsets.list;customers.list;units.list,none,initial;loading;success;empty;error;offline;permission-denied;not-found;stale;connecting;device-error;device-online;device-offline,"D10; onSubmit→operation→ServiceResult→invalidate→render again; disabled while a write is pending; IR83 keep data while refetching (aria-busy), stale on refetch failure",records,"records,market",FR-A15 Offset demo,OffsetQuote;OffsetRecord;Page<OffsetRecord>;Page<Customer>;Page<UnitSummary>,FR-X01;FR-X03;FR-X04;FR-X05;FR-X06;FR-X07;NFR-01;NFR-02;NFR-03;NFR-04;NFR-05;NFR-06;NFR-07;NFR-08,"On initial load, URL condition changes, invalidation after success, and subscription updates. Keep query disabled and show no selection until required target IDs, period, and selections are available. Run preview/resolve/eligible only after an explicit action. Fetch only sections allowed by each permission. Request policy Queries only for policy permission holders, not read-only/resolve users.  Apply SR04 dependency order and SR11 URL schema."
SCR-A16,/admin/audit,admin,DD-A16,FR-A16,`AuditExplorer`,audit.list;devices.list;devices.events;commands.get,"deviceId,tab,actorId,targetId,correlationId,result",D01 session/scope; primary reads success (public routes exempt),D09 dirty confirmation; role/logout purge; D10 navigation,audit.list,devices.list;devices.events;commands.get,initial;loading;success;empty;error;offline;permission-denied;not-found;stale;connecting;device-error;device-online;device-offline,"D10; onSubmit→operation→ServiceResult→invalidate→render again; disabled while a write is pending; IR83 keep data while refetching (aria-busy), stale on refetch failure",log,"log,devices",FR-A16 Abnormal operations and audit,Page<AuditView>;Page<Device>;Page<DeviceEvent>;Command,FR-X01;FR-X03;FR-X04;FR-X05;FR-X06;FR-X07;NFR-01;NFR-02;NFR-03;NFR-04;NFR-05;NFR-06;NFR-07;NFR-08,IR33: audit.list on initial/filter change; devices.list for authorized candidates; devices.events only after deviceId selection; no device fallback; independently authorized links to existing detail routes. commands.get only on explicit command-link activation with its own read permission.
SCR-X-login,/login,public,DDC-07,FR-X01,CommonPage,demoSession.signIn,"tab,returnTo",D01 session/scope; primary reads success (public routes exempt),D09 dirty confirmation; role/logout purge; D10 navigation,none,none,initial;loading;success;error;offline,"D10; onSubmit→operation→ServiceResult→invalidate→render again; disabled while a write is pending; IR82 returnTo from route guard, invalid value removed and ignored",overview,overview,Sign in by selecting a demo role and fictional account (not real authentication),Session,FR-X01;FR-X03;FR-X04;FR-X05;FR-X06;FR-X07;NFR-01;NFR-02;NFR-03;NFR-04;NFR-05;NFR-06;NFR-07;NFR-08,"On initial load, URL condition changes, invalidation after success, and subscription updates. Keep query disabled and show no selection until required target IDs, period, and selections are available. Run preview/resolve/eligible only after an explicit action. Fetch only sections allowed by each permission. Request policy Queries only for policy permission holders, not read-only/resolve users.  Apply SR04 dependency order and SR11 URL schema."
SCR-X-forgot-password,/forgot-password,public,DDC-07,FR-X01,CommonPage,auth.previewPasswordReset,tab,D01 session/scope; primary reads success (public routes exempt),D09 dirty confirmation; role/logout purge; D10 navigation,none,none,initial;loading;success;error;offline,D10; onSubmit→operation→ServiceResult→invalidate→render again; disabled while a write is pending,overview,overview,Check email format only; show generic text that does not reveal account existence and a sending preview,ResetPreview,FR-X01;FR-X03;FR-X04;FR-X05;FR-X06;FR-X07;NFR-01;NFR-02;NFR-03;NFR-04;NFR-05;NFR-06;NFR-07;NFR-08,"Call auth.previewPasswordReset on form submit, not on initial load. Fetch only sections allowed by each permission. Request policy Queries only for policy permission holders, not read-only/resolve users.  Apply SR04 dependency order and SR11 URL schema."
SCR-X-settings-preferences,/settings/preferences,authenticated,DDC-07,FR-X01;FR-X08,CommonPage,preferences.get;preferences.update;consents.get;consents.update;twoFactor.get;twoFactor.enable;twoFactor.disable,tab,D01 session/scope; primary reads success (public routes exempt),D09 dirty confirmation; role/logout purge; D10 navigation,preferences.get,consents.get;twoFactor.get,initial;loading;success;empty;error;offline;permission-denied;not-found;stale,"D10; onSubmit→operation→ServiceResult→invalidate→render again; disabled while a write is pending; consent section client only; IR83 keep data while refetching (aria-busy), stale on refetch failure; IR112 Security section: two-step verification dialog",overview,overview,"FR-X01 Language, timezone, consent and monthly report email / FR-X08 Two-step verification (demo)",Preferences;Consent;TwoFactorStatus;TwoFactorStatus & {recoveryCodes:string[]},FR-X01;FR-X03;FR-X04;FR-X05;FR-X06;FR-X07;NFR-01;NFR-02;NFR-03;NFR-04;NFR-05;NFR-06;NFR-07;NFR-08;FR-X02,"On initial load, URL condition changes, invalidation after success, and subscription updates. Keep query disabled and show no selection until required target IDs, period, and selections are available. Run preview/resolve/eligible only after an explicit action. consents.get is client-only. Fetch only sections allowed by each permission. Request policy Queries only for policy permission holders, not read-only/resolve users.  Apply SR04 dependency order and SR11 URL schema."
SCR-X-notifications,/notifications,authenticated,DDC-07,FR-X07,CommonPage,notifications.list;notifications.markRead,tab,D01 session/scope; primary reads success (public routes exempt),D09 dirty confirmation; role/logout purge; D10 navigation,notifications.list,none,initial;loading;success;empty;error;offline;permission-denied;not-found;stale,"D10; onSubmit→operation→ServiceResult→invalidate→render again; disabled while a write is pending; IR83 keep data while refetching (aria-busy), stale on refetch failure; IR95 business event notifications",overview,overview,List notifications within assigned scope and manage read status. Recheck authorization when navigating to related screens,Page<Notification>;Notification,FR-X01;FR-X03;FR-X04;FR-X05;FR-X06;FR-X07;NFR-01;NFR-02;NFR-03;NFR-04;NFR-05;NFR-06;NFR-07;NFR-08;FR-X02,"On initial load, URL condition changes, invalidation after success, and subscription updates. Keep query disabled and show no selection until required target IDs, period, and selections are available. Run preview/resolve/eligible only after an explicit action. Fetch only sections allowed by each permission. Request policy Queries only for policy permission holders, not read-only/resolve users.  Apply SR04 dependency order and SR11 URL schema."
SCR-X-demo,/demo,public,DDC-07,FR-X05,CommonPage,demo.trigger;demo.advanceClock;demo.reset,tab,D01 session/scope; primary reads success (public routes exempt),D09 dirty confirmation; role/logout purge; D10 navigation,none,none,initial;loading;success;error,D10; onSubmit→operation→ServiceResult→invalidate→render again; disabled while a write is pending,overview,overview,"Demo panel for synthetic events, transport failures, clock jumps, and reset",DemoEvent;DemoGeneration,FR-X01;FR-X03;FR-X04;FR-X05;FR-X06;FR-X07;NFR-01;NFR-02;NFR-03;NFR-04;NFR-05;NFR-06;NFR-07;NFR-08,"On initial load, URL condition changes, invalidation after success, and subscription updates. Keep query disabled and show no selection until required target IDs, period, and selections are available. Run preview/resolve/eligible only after an explicit action. Fetch only sections allowed by each permission. Request policy Queries only for policy permission holders, not read-only/resolve users.  Apply SR04 dependency order and SR11 URL schema."
SCR-X-forbidden,/forbidden,authenticated,DDC-07,FR-X04,CommonPage,,tab,D01 session/scope; primary reads success (public routes exempt),D09 dirty confirmation; role/logout purge; D10 navigation,none,none,success,Show a link to role home without automatic navigation (IR57). No Repository operation,overview,overview,"Permission-denied guidance and a link to the allowed home (rendered by the shared “Page unavailable” view, IR112)",,FR-X01;FR-X03;FR-X04;FR-X05;FR-X06;FR-X07;NFR-01;NFR-02;NFR-03;NFR-04;NFR-05;NFR-06;NFR-07;NFR-08;FR-X02,"On initial load, URL condition changes, invalidation after success, and subscription updates. Keep query disabled and show no selection until required target IDs, period, and selections are available. Run preview/resolve/eligible only after an explicit action. Fetch only sections allowed by each permission. Request policy Queries only for policy permission holders, not read-only/resolve users.  Apply SR04 dependency order and SR11 URL schema."
SCR-X-not-found,*,public,DDC-07,FR-X04,CommonPage,,tab,D01 session/scope; primary reads success (public routes exempt),D09 dirty confirmation; role/logout purge; D10 navigation,none,none,success,Show a link to role home when authenticated or /login otherwise; no automatic navigation (IR57). No Repository operation,overview,overview,"Show not-found for undefined routes and invisible IDs (D01). Return to the allowed home (rendered by the shared “Page unavailable” view, IR112)",,FR-X01;FR-X03;FR-X04;FR-X05;FR-X06;FR-X07;NFR-01;NFR-02;NFR-03;NFR-04;NFR-05;NFR-06;NFR-07;NFR-08;FR-X02,"On initial load, URL condition changes, invalidation after success, and subscription updates. Keep query disabled and show no selection until required target IDs, period, and selections are available. Run preview/resolve/eligible only after an explicit action. Fetch only sections allowed by each permission. Request policy Queries only for policy permission holders, not read-only/resolve users.  Apply SR04 dependency order and SR11 URL schema."
