operation,mode,module,own_reads,own_writes,other_module_calls,write_side_effects,notes
admin.summary,read,Read models,,,Assets;Billing;Energy & carbon;Maintenance;Monitoring & alerts,,read model assembled from module query interfaces (no cross-schema joins)
alerts.acknowledge,write,Monitoring & alerts,monitoring.alerts,monitoring.alerts,,audit.audit_log;platform.idempotency_keys;platform.outbox,
alerts.get,read,Monitoring & alerts,monitoring.alerts,,,,
alerts.list,read,Monitoring & alerts,monitoring.alerts,,,,
alerts.resolve,write,Monitoring & alerts,monitoring.alerts,monitoring.alerts,,audit.audit_log;platform.idempotency_keys;platform.outbox,
attachments.add,write,Maintenance,maintenance.attachments,maintenance.attachments,,audit.audit_log;platform.idempotency_keys;platform.outbox,
attachments.getContent,read,Maintenance,maintenance.attachments,,,,
audit.list,read,Audit,audit.audit_log,,,,
auth.previewPasswordReset,read,Identity & access,identity.users,,,,preview only; real reset is a Cognito flow
automations.delete,write,Control,control.automations,control.automations;control.automation_units,,audit.audit_log;platform.idempotency_keys;platform.outbox,IR214: Commands and automation_runs stay as history
automations.fire,write,Control,control.automations;control.automation_units,control.automation_runs;control.commands,,audit.audit_log;platform.idempotency_keys;platform.outbox,
automations.list,read,Control,control.automations;control.automation_units;control.automation_runs,,,,
automations.nextRuns,read,Control,control.automations,,Demo,,
automations.save,write,Control,control.automations;control.automation_units;control.automation_runs,control.automations;control.automation_units,,audit.audit_log;platform.idempotency_keys;platform.outbox,
automations.simulate,read,Control,control.automations;control.automation_units,,,,
baselines.list,read,Energy & carbon,energy.baselines,,,,
baselines.save,write,Energy & carbon,energy.baselines,energy.baselines,,audit.audit_log;platform.idempotency_keys;platform.outbox,
capabilities.list,read,Devices,devices.capabilities,,,,
capabilities.save,write,Devices,devices.capabilities,devices.capabilities,,audit.audit_log;platform.idempotency_keys;platform.outbox,
certificates.list,read,Maintenance,maintenance.certificates,,,,
certificates.requestTraining,write,Maintenance,maintenance.certificates,maintenance.certificates,,audit.audit_log;platform.idempotency_keys;platform.outbox,
certificates.submit,write,Maintenance,maintenance.certificates,maintenance.certificates,,audit.audit_log;platform.idempotency_keys;platform.outbox,
certificates.verify,write,Maintenance,maintenance.certificates,maintenance.certificates,,audit.audit_log;platform.idempotency_keys;platform.outbox,
clientUsers.list,read,Identity & access,identity.client_users;identity.memberships,,,,
clientUsers.remove,write,Identity & access,identity.client_users;identity.memberships,identity.client_users;identity.memberships,,audit.audit_log;platform.idempotency_keys;platform.outbox,
clientUsers.resendInvite,read,Identity & access,identity.client_users;identity.memberships,,,,
clientUsers.save,write,Identity & access,identity.client_users;identity.memberships,identity.client_users;identity.memberships,,audit.audit_log;platform.idempotency_keys;platform.outbox,
commands.create,write,Control,control.commands,control.commands,Assets;Devices;Restrictions,audit.audit_log;platform.idempotency_keys;platform.outbox,
commands.get,read,Control,control.commands,,,,
commands.list,read,Control,control.commands,,Assets,,IR216 unit history; technicians through assets.unit_assignment_access
consents.get,read,Identity & access,identity.consents,,,,
consents.update,write,Identity & access,identity.consents,identity.consents,,audit.audit_log;platform.idempotency_keys;platform.outbox,
contractors.list,read,Maintenance,maintenance.contractors,,,,
contractors.save,write,Maintenance,maintenance.contractors,maintenance.contractors,,audit.audit_log;platform.idempotency_keys;platform.outbox,
contractors.setOfferStatus,write,Maintenance,maintenance.contractors,maintenance.contractors,,audit.audit_log;platform.idempotency_keys;platform.outbox,
contracts.list,read,Billing,billing.contracts;billing.contract_units,,,,
contracts.save,write,Billing,billing.contracts;billing.contract_units,billing.contracts;billing.contract_units,,audit.audit_log;platform.idempotency_keys;platform.outbox,
customers.list,read,Assets,assets.customers,,,,
customers.save,write,Assets,assets.customers,assets.customers,,audit.audit_log;platform.idempotency_keys;platform.outbox,
demo.advanceClock,write,Demo,platform.scheduled_items,platform.tenants;platform.scheduled_items,,audit.audit_log;platform.idempotency_keys;platform.outbox,
demo.reset,write,Demo,platform.tenants,platform.tenants,,audit.audit_log;platform.idempotency_keys;platform.outbox,
demo.trigger,write,Demo,platform.tenants,platform.tenants,,audit.audit_log;platform.idempotency_keys;platform.outbox,
demoSession.extend,write,Identity & access,identity.memberships,,,audit.audit_log;platform.idempotency_keys;platform.outbox,session store (ElastiCache / local Valkey) via the BFF; no PostgreSQL row
demoSession.signIn,write,Identity & access,identity.users;identity.memberships,,,audit.audit_log;platform.idempotency_keys;platform.outbox,session store (ElastiCache / local Valkey) via the BFF; no PostgreSQL row
demoSession.signOut,write,Identity & access,identity.memberships,,,audit.audit_log;platform.idempotency_keys;platform.outbox,session store (ElastiCache / local Valkey) via the BFF; no PostgreSQL row
demoSession.switchMembership,write,Identity & access,identity.memberships,,,audit.audit_log;platform.idempotency_keys;platform.outbox,session store (ElastiCache / local Valkey) via the BFF; no PostgreSQL row
devices.addResponseNote,write,Devices,devices.device_events,devices.device_event_notes,,audit.audit_log;platform.idempotency_keys;platform.outbox,
devices.bind,write,Devices,devices.devices;devices.sensors;devices.device_bindings,devices.device_bindings;devices.device_operations,,audit.audit_log;platform.idempotency_keys;platform.outbox,
devices.calibrate,write,Devices,devices.sensors,devices.calibration_records;devices.device_operations,,audit.audit_log;platform.idempotency_keys;platform.outbox,
devices.calibrations,read,Devices,devices.calibration_records,,,,
devices.check,write,Devices,devices.devices;devices.device_operations,devices.device_operations,,audit.audit_log;platform.idempotency_keys;platform.outbox,
devices.events,read,Devices,devices.device_events;devices.device_event_notes,,,,
devices.get,read,Devices,devices.devices;devices.sensors;devices.device_bindings,,,,
devices.list,read,Devices,devices.devices;devices.sensors;devices.device_bindings,,,,
devices.operations,read,Devices,devices.device_operations,,,,
devices.register,write,Devices,devices.devices;devices.sensors;devices.device_bindings,devices.devices;devices.sensors;devices.device_bindings;devices.device_operations,,audit.audit_log;platform.idempotency_keys;platform.outbox,
devices.updateFirmware,write,Devices,devices.devices;devices.sensors;devices.device_bindings,devices.device_operations,,audit.audit_log;platform.idempotency_keys;platform.outbox,
diagnosticRuns.create,write,Control,control.diagnostic_runs,control.diagnostic_runs,,audit.audit_log;platform.idempotency_keys;platform.outbox,
diagnosticRuns.get,read,Control,control.diagnostic_runs,,,,
diagnosticRuns.list,read,Control,control.diagnostic_runs,,,,
energy.exportReport,read,Energy & carbon,energy.baselines;energy.emission_factors,,Monitoring & alerts,,generated by the importexport worker; file in S3
energy.summary,read,Energy & carbon,energy.baselines;energy.emission_factors,,Monitoring & alerts,,
factors.list,read,Energy & carbon,energy.emission_factors,,,,
factors.save,write,Energy & carbon,energy.emission_factors,energy.emission_factors,,audit.audit_log;platform.idempotency_keys;platform.outbox,
filterCare.list,read,Maintenance,maintenance.filter_care_settings;maintenance.filter_cleanings,,,,
filterCare.markCleaned,write,Maintenance,maintenance.filter_care_settings;maintenance.filter_cleanings,maintenance.filter_cleanings,,audit.audit_log;platform.idempotency_keys;platform.outbox,
filterCare.saveSettings,write,Maintenance,maintenance.filter_care_settings;maintenance.filter_cleanings,maintenance.filter_care_settings,,audit.audit_log;platform.idempotency_keys;platform.outbox,
firmwareCampaigns.control,write,Devices,devices.firmware_campaigns;devices.firmware_campaign_devices,devices.firmware_campaigns,,audit.audit_log;platform.idempotency_keys;platform.outbox,
firmwareCampaigns.get,read,Devices,devices.firmware_campaigns;devices.firmware_campaign_devices,,,,
firmwareCampaigns.list,read,Devices,devices.firmware_campaigns;devices.firmware_campaign_devices,,,,
firmwareCampaigns.schedule,write,Devices,devices.firmware_campaigns;devices.firmware_campaign_devices,devices.firmware_campaigns;devices.firmware_campaign_devices,,audit.audit_log;platform.idempotency_keys;platform.outbox,
inquiries.answer,write,Billing,billing.inquiries,billing.inquiries,,audit.audit_log;platform.idempotency_keys;platform.outbox,
inquiries.create,write,Billing,billing.inquiries,billing.inquiries,,audit.audit_log;platform.idempotency_keys;platform.outbox,
inquiries.list,read,Billing,billing.inquiries,,,,
invoices.create,write,Billing,billing.invoices,billing.invoices,,audit.audit_log;platform.idempotency_keys;platform.outbox,
invoices.get,read,Billing,billing.invoices,,,,
invoices.list,read,Billing,billing.invoices,,,,
invoices.remind,write,Billing,billing.invoices,billing.invoices,Notifications (write),audit.audit_log;platform.idempotency_keys;platform.outbox,
jobs.accept,write,Maintenance,maintenance.jobs;maintenance.offers,maintenance.jobs;maintenance.offers;maintenance.job_events,,audit.audit_log;platform.idempotency_keys;platform.outbox,
jobs.acknowledgeAssignment,write,Maintenance,maintenance.jobs;maintenance.assignments,maintenance.assignments;maintenance.job_events,,audit.audit_log;platform.idempotency_keys;platform.outbox,
jobs.addNote,write,Maintenance,maintenance.jobs,maintenance.job_notes;maintenance.job_events,,audit.audit_log;platform.idempotency_keys;platform.outbox,
jobs.assign,write,Maintenance,maintenance.jobs;maintenance.unavailability,maintenance.jobs;maintenance.assignments;maintenance.job_events,Identity & access,audit.audit_log;platform.idempotency_keys;platform.outbox,
jobs.cancel,write,Maintenance,maintenance.jobs;maintenance.job_events,maintenance.jobs;maintenance.job_events,,audit.audit_log;platform.idempotency_keys;platform.outbox,
jobs.checkIn,write,Maintenance,maintenance.jobs;maintenance.job_events,maintenance.jobs;maintenance.job_events,,audit.audit_log;platform.idempotency_keys;platform.outbox,
jobs.classifyFollowUp,write,Maintenance,maintenance.jobs;maintenance.job_events,maintenance.jobs;maintenance.job_events,,audit.audit_log;platform.idempotency_keys;platform.outbox,
jobs.create,write,Maintenance,maintenance.plans,maintenance.jobs;maintenance.job_alerts;maintenance.job_events,Assets,audit.audit_log;platform.idempotency_keys;platform.outbox,
jobs.decline,write,Maintenance,maintenance.jobs;maintenance.offers,maintenance.jobs;maintenance.offers;maintenance.job_events,,audit.audit_log;platform.idempotency_keys;platform.outbox,
jobs.events,read,Maintenance,maintenance.job_events,,,,
jobs.extendAccess,write,Maintenance,maintenance.assignments,maintenance.assignments;maintenance.job_events,,audit.audit_log;platform.idempotency_keys;platform.outbox,
jobs.get,read,Maintenance,maintenance.jobs;maintenance.job_events,,,,
jobs.hold,write,Maintenance,maintenance.jobs;maintenance.job_events,maintenance.jobs;maintenance.job_events,,audit.audit_log;platform.idempotency_keys;platform.outbox,
jobs.list,read,Maintenance,maintenance.jobs;maintenance.job_events,,,,
jobs.offer,write,Maintenance,maintenance.jobs;maintenance.contractors,maintenance.jobs;maintenance.offers;maintenance.job_events,,audit.audit_log;platform.idempotency_keys;platform.outbox,
jobs.pauseWork,write,Maintenance,maintenance.jobs;maintenance.job_events,maintenance.jobs;maintenance.job_events,,audit.audit_log;platform.idempotency_keys;platform.outbox,
jobs.proposePartnerSlot,write,Maintenance,maintenance.jobs;maintenance.job_events,maintenance.partner_slot_proposals;maintenance.job_events,,audit.audit_log;platform.idempotency_keys;platform.outbox,
jobs.proposeSlot,write,Maintenance,maintenance.jobs;maintenance.job_events,maintenance.jobs;maintenance.slot_proposals;maintenance.job_events,,audit.audit_log;platform.idempotency_keys;platform.outbox,
jobs.rate,write,Maintenance,maintenance.jobs;maintenance.job_events,maintenance.jobs;maintenance.job_events,,audit.audit_log;platform.idempotency_keys;platform.outbox,
jobs.recordWarrantyClaim,write,Maintenance,maintenance.jobs;maintenance.job_events,maintenance.jobs;maintenance.job_events,,audit.audit_log;platform.idempotency_keys;platform.outbox,
jobs.reportProblem,write,Maintenance,maintenance.jobs;maintenance.job_events,maintenance.jobs;maintenance.job_events,,audit.audit_log;platform.idempotency_keys;platform.outbox,
jobs.requestReschedule,write,Maintenance,maintenance.jobs;maintenance.job_events,maintenance.jobs;maintenance.job_events,,audit.audit_log;platform.idempotency_keys;platform.outbox,
jobs.resolvePartnerSlot,write,Maintenance,maintenance.jobs;maintenance.job_events,maintenance.jobs;maintenance.partner_slot_proposals;maintenance.job_events,,audit.audit_log;platform.idempotency_keys;platform.outbox,
jobs.respondProposal,write,Maintenance,maintenance.jobs;maintenance.job_events,maintenance.jobs;maintenance.slot_proposals;maintenance.job_events,,audit.audit_log;platform.idempotency_keys;platform.outbox,
jobs.resumeHold,write,Maintenance,maintenance.jobs;maintenance.job_events,maintenance.jobs;maintenance.job_events,,audit.audit_log;platform.idempotency_keys;platform.outbox,
jobs.resumeRework,write,Maintenance,maintenance.jobs;maintenance.job_events,maintenance.jobs;maintenance.job_events,,audit.audit_log;platform.idempotency_keys;platform.outbox,
jobs.review,write,Maintenance,maintenance.jobs;maintenance.work_reports,maintenance.jobs;maintenance.report_reviews;maintenance.job_events,,audit.audit_log;platform.idempotency_keys;platform.outbox,
jobs.saveCost,write,Maintenance,maintenance.jobs;maintenance.job_events,maintenance.jobs;maintenance.job_events,,audit.audit_log;platform.idempotency_keys;platform.outbox,
jobs.saveDraft,write,Maintenance,maintenance.jobs;maintenance.work_reports,maintenance.work_reports,,audit.audit_log;platform.idempotency_keys;platform.outbox,
jobs.start,write,Maintenance,maintenance.jobs;maintenance.job_events,maintenance.jobs;maintenance.job_events,,audit.audit_log;platform.idempotency_keys;platform.outbox,
jobs.submit,write,Maintenance,maintenance.jobs;maintenance.work_reports,maintenance.jobs;maintenance.work_reports;maintenance.job_events,,audit.audit_log;platform.idempotency_keys;platform.outbox,
jobs.withdrawPartnerSlot,write,Maintenance,maintenance.jobs;maintenance.job_events,maintenance.partner_slot_proposals;maintenance.job_events,,audit.audit_log;platform.idempotency_keys;platform.outbox,
jobs.withdrawProposal,write,Maintenance,maintenance.jobs;maintenance.job_events,maintenance.jobs;maintenance.slot_proposals;maintenance.job_events,,audit.audit_log;platform.idempotency_keys;platform.outbox,
locations.rename,write,Assets,assets.properties;assets.spaces,assets.properties;assets.spaces,,audit.audit_log;platform.idempotency_keys;platform.outbox,
members.capacity,read,Maintenance,maintenance.assignments;maintenance.unavailability,,Identity & access,,
members.eligible,read,Maintenance,maintenance.certificates;maintenance.unavailability,,Identity & access,,
members.list,read,Identity & access,identity.memberships;identity.membership_permissions;identity.membership_scopes;identity.qualification_grants,,,,
members.save,write,Identity & access,identity.memberships;identity.membership_permissions;identity.membership_scopes;identity.qualification_grants,identity.memberships;identity.membership_permissions;identity.membership_scopes,,audit.audit_log;platform.idempotency_keys;platform.outbox,
members.setUnavailability,write,Maintenance,,maintenance.unavailability,Identity & access,audit.audit_log;platform.idempotency_keys;platform.outbox,
mrv.get,read,Energy & carbon,energy.mrv_reports,,,,
mrv.list,read,Energy & carbon,energy.mrv_reports,,,,
mrv.preview,read,Energy & carbon,energy.baselines;energy.emission_factors,,Monitoring & alerts,,
mrv.recordReview,write,Energy & carbon,energy.mrv_reports,energy.mrv_reports;energy.mrv_reviews,,audit.audit_log;platform.idempotency_keys;platform.outbox,
mrv.saveDraft,write,Energy & carbon,energy.mrv_reports,energy.mrv_reports,,audit.audit_log;platform.idempotency_keys;platform.outbox,
mrv.versions,read,Energy & carbon,energy.mrv_reports,,,,
notifications.list,read,Notifications,notify.notifications,,,,
notifications.markRead,write,Notifications,notify.notifications,notify.notifications,,audit.audit_log;platform.idempotency_keys;platform.outbox,
notifications.preview,read,Notifications,notify.templates,,,,
notifications.recipients,read,Notifications,,,Identity & access,,
offsets.list,read,Energy & carbon,energy.offset_quotes;energy.offset_records;energy.offset_attempts,,,,
offsets.preview,write,Energy & carbon,energy.offset_quotes;energy.offset_records;energy.offset_attempts,energy.offset_quotes;energy.offset_records;energy.offset_attempts,,audit.audit_log;platform.idempotency_keys;platform.outbox,
offsets.simulate,write,Energy & carbon,energy.offset_quotes;energy.offset_records;energy.offset_attempts,energy.offset_quotes;energy.offset_records;energy.offset_attempts,,audit.audit_log;platform.idempotency_keys;platform.outbox,
organizations.list,read,Identity & access,identity.organizations,,,,
organizations.save,write,Identity & access,identity.organizations,identity.organizations,,audit.audit_log;platform.idempotency_keys;platform.outbox,
parts.list,read,Maintenance,maintenance.parts_catalog,,,,
payments.confirm,write,Billing,billing.payments;billing.invoices,billing.payments;billing.invoices,,audit.audit_log;platform.idempotency_keys;platform.outbox,
payments.recordManual,write,Billing,billing.payments;billing.invoices,billing.payments;billing.invoices,,audit.audit_log;platform.idempotency_keys;platform.outbox,
payments.simulate,write,Billing,billing.invoices,billing.payments,,audit.audit_log;platform.idempotency_keys;platform.outbox,
payouts.generate,write,Billing,,billing.payout_statements;billing.payout_lines,Maintenance,audit.audit_log;platform.idempotency_keys;platform.outbox,
payouts.get,read,Billing,billing.payout_statements;billing.payout_lines;billing.payout_queries,,,,
payouts.list,read,Billing,billing.payout_statements;billing.payout_lines;billing.payout_queries,,,,
payouts.query,write,Billing,billing.payout_statements;billing.payout_lines;billing.payout_queries,billing.payout_queries,,audit.audit_log;platform.idempotency_keys;platform.outbox,
payouts.resolveQuery,write,Billing,billing.payout_statements;billing.payout_lines;billing.payout_queries,billing.payout_queries;billing.payout_lines,,audit.audit_log;platform.idempotency_keys;platform.outbox,
payouts.transition,write,Billing,billing.payout_statements;billing.payout_lines;billing.payout_queries,billing.payout_statements;billing.payout_lines,,audit.audit_log;platform.idempotency_keys;platform.outbox,
plans.generateNext,write,Maintenance,maintenance.plans,maintenance.plans;maintenance.jobs;maintenance.job_events,,audit.audit_log;platform.idempotency_keys;platform.outbox,
plans.get,read,Maintenance,maintenance.plans,,,,
plans.list,read,Maintenance,maintenance.plans,,,,
plans.save,write,Maintenance,maintenance.plans,maintenance.plans,,audit.audit_log;platform.idempotency_keys;platform.outbox,
policies.delete,write,Monitoring & alerts,monitoring.alert_policies,monitoring.alert_policies;monitoring.default_rule_settings,Assets (write);Control (write),audit.audit_log;platform.idempotency_keys;platform.outbox,
policies.get,read,Monitoring & alerts,monitoring.alert_policies;monitoring.default_rule_settings,,Assets;Control,,
policies.list,read,Monitoring & alerts,monitoring.alert_policies;monitoring.default_rule_settings,,Assets;Control,,
policies.save,write,Monitoring & alerts,monitoring.alert_policies,monitoring.alert_policies,Assets;Control (write);Identity & access,audit.audit_log;platform.idempotency_keys;platform.outbox,
policies.setDefaultRule,write,Monitoring & alerts,monitoring.alert_policies,monitoring.default_rule_settings,Assets,audit.audit_log;platform.idempotency_keys;platform.outbox,
preferences.get,read,Identity & access,identity.preferences,,,,
preferences.update,write,Identity & access,identity.preferences,identity.preferences,,audit.audit_log;platform.idempotency_keys;platform.outbox,
properties.archive,write,Assets,assets.properties,assets.properties,,audit.audit_log;platform.idempotency_keys;platform.outbox,
properties.list,read,Assets,assets.properties,,,,
properties.save,write,Assets,assets.properties,assets.properties,,audit.audit_log;platform.idempotency_keys;platform.outbox,
rateCards.list,read,Maintenance,maintenance.rate_cards,,,,
rateCards.save,write,Maintenance,maintenance.rate_cards,maintenance.rate_cards,,audit.audit_log;platform.idempotency_keys;platform.outbox,
reports.get,read,Maintenance,maintenance.work_reports;maintenance.report_reviews,,,,
reports.signOff,write,Maintenance,maintenance.work_reports;maintenance.report_reviews,maintenance.work_reports;maintenance.job_events,,audit.audit_log;platform.idempotency_keys;platform.outbox,
restrictions.cancel,write,Restrictions,restrictions.restrictions;restrictions.restriction_invoices;restrictions.restriction_units,restrictions.restrictions;restrictions.restriction_units,,audit.audit_log;platform.idempotency_keys;platform.outbox,
restrictions.defer,write,Restrictions,restrictions.restrictions;restrictions.restriction_invoices;restrictions.restriction_units,restrictions.restrictions;restrictions.restriction_units,,audit.audit_log;platform.idempotency_keys;platform.outbox,
restrictions.execute,write,Restrictions,restrictions.restrictions;restrictions.restriction_invoices;restrictions.restriction_units,restrictions.restrictions;restrictions.restriction_units,Control (write),audit.audit_log;platform.idempotency_keys;platform.outbox,
restrictions.exempt,write,Restrictions,restrictions.restrictions;restrictions.restriction_invoices;restrictions.restriction_units,restrictions.restrictions;restrictions.restriction_units,,audit.audit_log;platform.idempotency_keys;platform.outbox,
restrictions.forInvoice,read,Restrictions,restrictions.restriction_invoices;restrictions.restrictions,,,,
restrictions.get,read,Restrictions,restrictions.restrictions;restrictions.restriction_invoices;restrictions.restriction_units,,,,
restrictions.list,read,Restrictions,restrictions.restrictions;restrictions.restriction_invoices;restrictions.restriction_units,,,,
restrictions.override,write,Restrictions,restrictions.restrictions;restrictions.restriction_invoices;restrictions.restriction_units,restrictions.restrictions;restrictions.restriction_units,,audit.audit_log;platform.idempotency_keys;platform.outbox,
restrictions.reconcile,write,Restrictions,restrictions.restrictions;restrictions.restriction_invoices;restrictions.restriction_units,restrictions.restrictions;restrictions.restriction_units,,audit.audit_log;platform.idempotency_keys;platform.outbox,
restrictions.release,write,Restrictions,restrictions.restrictions;restrictions.restriction_invoices;restrictions.restriction_units,restrictions.restrictions;restrictions.restriction_units,Control (write),audit.audit_log;platform.idempotency_keys;platform.outbox,
restrictions.retry,write,Restrictions,restrictions.restrictions;restrictions.restriction_invoices;restrictions.restriction_units,restrictions.restriction_units,Control (write),audit.audit_log;platform.idempotency_keys;platform.outbox,
restrictions.schedule,write,Restrictions,,restrictions.restrictions;restrictions.restriction_invoices;restrictions.restriction_units,Billing;Demo (write),audit.audit_log;platform.idempotency_keys;platform.outbox,
session.get,read,Identity & access,identity.users;identity.memberships;identity.membership_permissions;identity.membership_scopes,,,,
sla.saveTargets,write,Maintenance,maintenance.sla_targets;maintenance.jobs,maintenance.sla_targets,,audit.audit_log;platform.idempotency_keys;platform.outbox,
sla.scorecard,read,Maintenance,maintenance.sla_targets;maintenance.jobs;maintenance.job_events,,,,
spaces.archive,write,Assets,assets.spaces,assets.spaces,,audit.audit_log;platform.idempotency_keys;platform.outbox,
spaces.list,read,Assets,assets.spaces,,,,
spaces.save,write,Assets,assets.spaces,assets.spaces,,audit.audit_log;platform.idempotency_keys;platform.outbox,
summaries.get,read,Read models,,,Assets;Billing;Maintenance;Monitoring & alerts,,read model assembled from module query interfaces (no cross-schema joins)
telemetry.series,read,Monitoring & alerts,monitoring.measurements;monitoring.allergen_observations,,Assets,,
telemetry.summary,read,Monitoring & alerts,monitoring.measurements,,Assets,,
twoFactor.disable,write,Identity & access,,,,audit.audit_log;platform.idempotency_keys;platform.outbox,TOTP factor lives in Cognito (Keycloak locally); audit row only
twoFactor.enable,write,Identity & access,,,,audit.audit_log;platform.idempotency_keys;platform.outbox,TOTP factor lives in Cognito (Keycloak locally); audit row only
twoFactor.get,read,Identity & access,,,,,TOTP factor lives in Cognito (Keycloak locally); audit row only
units.archive,write,Assets,assets.units,assets.units,,audit.audit_log;platform.idempotency_keys;platform.outbox,
units.coverage,read,Assets,assets.units,,Billing,,
units.delete,write,Assets,assets.units,assets.units,,audit.audit_log;platform.idempotency_keys;platform.outbox,
units.get,read,Assets,assets.units,,,,
units.importCommit,write,Assets,assets.unit_import_previews;assets.unit_imports,assets.unit_imports;assets.properties;assets.spaces;assets.units;assets.unit_import_previews,,audit.audit_log;platform.idempotency_keys;platform.outbox,
units.importPreview,read,Assets,assets.customers;assets.properties;assets.spaces;assets.units,,Devices,,stores the 30-minute preview in assets.unit_import_previews outside the read transaction (no business data)
units.importUndo,write,Assets,assets.unit_imports,assets.unit_imports;assets.units,,audit.audit_log;platform.idempotency_keys;platform.outbox,
units.list,read,Assets,assets.units,,,,
units.resolveQr,read,Assets,assets.units,,Devices,,
units.save,write,Assets,assets.units,assets.units,,audit.audit_log;platform.idempotency_keys;platform.outbox,
units.setAlertPolicies,write,Assets,,assets.unit_alert_policies,Monitoring & alerts,audit.audit_log;platform.idempotency_keys;platform.outbox,
ventilation.list,read,Monitoring & alerts,monitoring.ventilation_logs,,Assets,,
ventilation.log,write,Monitoring & alerts,monitoring.measurements,monitoring.ventilation_logs,Assets,audit.audit_log;platform.idempotency_keys;platform.outbox,
voice.resolveIntent,read,Control,control.commands,,Assets,,
writes.getResult,read,Audit,platform.idempotency_keys,,,,
