operation,input_contract,result_contract,design_ids,frontend_execution,ui_validation,ui_recovery,authorization,mode,contract_ref
admin.summary,Range & {customerId?:ID;propertyId?:ID},AdminSummary,DD-A01,mock-service,D01; input constraints in the corresponding DD; scope-bound snapshot; IR51 alertCount critical/warning; IR78 energyForecast (prorated modeled baseline); energySummary savings null,"D04: retry only UNAVAILABLE, at most twice",admin:dashboard.read; billing fields require billing.read,read,service-contracts.ts;deterministic-contracts.md;strict-review-contracts.md;write-version-catalog.csv;review-resolution-contracts.md
alerts.acknowledge,{alertId:ID},Alert,DD-T07;DD-T12;DD-A05,mock-service,"D01; input constraints in the corresponding DD; expectedVersion required for updates; IR94 technician write table (assignment and work window, jobId required when typed)","D04: call writes.getResult with the key, then retry the same intent",technician:alert.resolve:assigned | admin:alert.resolve,write,service-contracts.ts;deterministic-contracts.md;strict-review-contracts.md;write-version-catalog.csv;review-resolution-contracts.md
alerts.get,{id:ID},Alert,DD-T07;DD-A05;DD-T12,mock-service,D01; input constraints in the corresponding DD; scope-bound snapshot,"D04: retry only UNAVAILABLE, at most twice",client:self | contractor:accepted-valid-offer | technician:assigned | admin:alert.read | admin:alert.policy.read,read,service-contracts.ts;deterministic-contracts.md;strict-review-contracts.md;write-version-catalog.csv;review-resolution-contracts.md
alerts.list,Query,Page<Alert>,DD-A05;DD-C01;DD-C08;DD-P04;DD-T01;DD-T07,mock-service,D01; input constraints in the corresponding DD; scope-bound snapshot,"D04: retry only UNAVAILABLE, at most twice",client:self | contractor:accepted-valid-offer | technician:assigned | admin:alert.read | admin:alert.policy.read,read,service-contracts.ts;deterministic-contracts.md;strict-review-contracts.md;write-version-catalog.csv;review-resolution-contracts.md
alerts.resolve,{alertId:ID;resolutionReason:string;resolutionEvidenceIds:ID[]},Alert,DD-T07;DD-A05,mock-service,"D01; input constraints in the corresponding DD; expectedVersion required for updates; IR87 resolutionReason 1-1000; IR94 technician write table (assignment and work window, jobId required when typed)","D04: call writes.getResult with the key, then retry the same intent",technician:alert.resolve:assigned | admin:alert.resolve,write,service-contracts.ts;deterministic-contracts.md;strict-review-contracts.md;write-version-catalog.csv;review-resolution-contracts.md
attachments.add,{jobId:ID;reportId:ID;file:BlobInput},Attachment,DD-T09,mock-service,"D01; input constraints in the corresponding DD; expectedVersion required for updates; IR94 technician write table (assignment and work window, jobId required when typed)","D04: call writes.getResult with the key, then retry the same intent",technician:assigned-valid-job,write,service-contracts.ts;deterministic-contracts.md;strict-review-contracts.md;write-version-catalog.csv;review-resolution-contracts.md
attachments.getContent,{jobId:ID;reportId:ID;reportVersion:number;attachmentId:ID},Blob,DD-A06;DD-C09;DD-P05;DD-T09,mock-service,D01; input constraints in the corresponding DD; scope-bound snapshot,"D04: retry only UNAVAILABLE, at most twice",client:accepted-report-only | contractor:partner.review:submitted | technician:assigned-valid-job | admin:job.read,read,service-contracts.ts;deterministic-contracts.md;strict-review-contracts.md;write-version-catalog.csv;review-resolution-contracts.md
audit.list,Query,Page<AuditView>,DD-A04;DD-A10;DD-A16,mock-service,D01; input constraints in the corresponding DD; scope-bound snapshot,"D04: retry only UNAVAILABLE, at most twice",admin:audit.read,read,service-contracts.ts;deterministic-contracts.md;strict-review-contracts.md;write-version-catalog.csv;review-resolution-contracts.md
auth.previewPasswordReset,{demoEmail:string},ResetPreview,DDC-07,demo-only,D01; input constraints in the corresponding DD; scope-bound snapshot,"D04: retry only UNAVAILABLE, at most twice",public:demo-only,read,service-contracts.ts;deterministic-contracts.md;strict-review-contracts.md;write-version-catalog.csv;review-resolution-contracts.md
automations.fire,EvaluationInput,FireResult,DD-A11;DD-A12;DD-C04;DD-C05;DD-A05,demo-only,D01; input constraints in the corresponding DD; expectedVersion required for updates,"D04: call writes.getResult with the key, then retry the same intent",client:control.execute:self | admin:automation.policy.write | admin:alert.policy.write,write,service-contracts.ts;deterministic-contracts.md;strict-review-contracts.md;write-version-catalog.csv;review-resolution-contracts.md
automations.list,Query,Page<Automation>,DD-C04,mock-service,D01; input constraints in the corresponding DD; scope-bound snapshot,"D04: retry only UNAVAILABLE, at most twice",client:control.execute:self,read,service-contracts.ts;deterministic-contracts.md;strict-review-contracts.md;write-version-catalog.csv;review-resolution-contracts.md
automations.nextRuns,{automationId:ID;count:8},ScheduledOccurrence[],DD-C04,mock-service,D01; input constraints in the corresponding DD; scope-bound snapshot,"D04: retry only UNAVAILABLE, at most twice",client:control.execute:self,read,service-contracts.ts;deterministic-contracts.md;strict-review-contracts.md;write-version-catalog.csv;review-resolution-contracts.md
automations.save,RuleInput & ({kind:'schedule';weekdays:number[];startLocal:string;endLocal:string;endsNextDay:boolean;startAction:UnitAction;endAction:UnitAction}|{kind:'event';condition:Condition;action:UnitAction}),Automation,DD-C04;DD-C05,mock-service,D01; input constraints in the corresponding DD; expectedVersion required for updates,"D04: call writes.getResult with the key, then retry the same intent",client:control.execute:self,write,service-contracts.ts;deterministic-contracts.md;strict-review-contracts.md;write-version-catalog.csv;review-resolution-contracts.md
automations.simulate,EvaluationInput,SimulationResult,DD-A11;DD-A12;DD-C04;DD-C05;DD-A05,mock-service,D01; input constraints in the corresponding DD; scope-bound snapshot,"D04: retry only UNAVAILABLE, at most twice",client:control.execute:self | admin:automation.policy.read | admin:alert.policy.read,read,service-contracts.ts;deterministic-contracts.md;strict-review-contracts.md;write-version-catalog.csv;review-resolution-contracts.md
baselines.list,Query,Page<EnergyBaseline>,DD-A13;DD-C06;DD-A14,mock-service,D01; input constraints in the corresponding DD; scope-bound snapshot,"D04: retry only UNAVAILABLE, at most twice",client:self | admin:energy.read | admin:mrv.read; IR90 client only when all unitIds in scope,read,service-contracts.ts;deterministic-contracts.md;strict-review-contracts.md;write-version-catalog.csv;review-resolution-contracts.md
baselines.save,BaselineInput,EnergyBaseline,DD-A13,mock-service,D01; input constraints in the corresponding DD; expectedVersion required for updates; SR29 Repository computes measured quality; fixed is modeled,"D04: call writes.getResult with the key, then retry the same intent",admin:energy.write,write,service-contracts.ts;deterministic-contracts.md;strict-review-contracts.md;write-version-catalog.csv;review-resolution-contracts.md
capabilities.list,Query,Page<Capability>,DD-A02;DD-A04,mock-service,D01; input constraints in the corresponding DD; scope-bound snapshot,"D04: retry only UNAVAILABLE, at most twice",client:self | contractor:accepted-valid-offer | technician:assigned | admin:dashboard.read | admin:device.read,read,service-contracts.ts;deterministic-contracts.md;strict-review-contracts.md;write-version-catalog.csv;review-resolution-contracts.md
capabilities.save,Save<Capability> & {changeReason?:string},Capability,DD-A04,mock-service,D01; input constraints in the corresponding DD; expectedVersion required for updates,"D04: call writes.getResult with the key, then retry the same intent",admin:device.write,write,service-contracts.ts;deterministic-contracts.md;strict-review-contracts.md;write-version-catalog.csv;review-resolution-contracts.md
certificates.list,Query,Page<Certificate>,DD-A21;DD-P09,mock-service,D01; input constraints in the corresponding DD; scope-bound snapshot,"D04: retry only UNAVAILABLE, at most twice",admin:job.read | contractor:partner.assign:own-company,read,service-contracts.ts;deterministic-contracts.md;strict-review-contracts.md;write-version-catalog.csv;review-resolution-contracts.md
certificates.requestTraining,{certificateId:ID;note:string},Certificate,DD-P09,mock-service,D01; input constraints in the corresponding DD; expectedVersion required for updates; IR111 note 1–1000,"D04: call writes.getResult with the key, then retry the same intent",contractor:partner.assign:own-company,write,service-contracts.ts;deterministic-contracts.md;strict-review-contracts.md;write-version-catalog.csv;review-resolution-contracts.md
certificates.submit,{membershipId:ID;code:Certificate['code'];name:string;number:string;issuedAt:Instant;expiresAt:Instant;file:DocumentInput;renewalOf?:ID},Certificate,DD-P09,mock-service,D01; input constraints in the corresponding DD; expectedVersion required for updates; IR111 PDF/JPEG/PNG up to 10 MB; issuedAt < expiresAt,"D04: call writes.getResult with the key, then retry the same intent",contractor:partner.assign:own-company,write,service-contracts.ts;deterministic-contracts.md;strict-review-contracts.md;write-version-catalog.csv;review-resolution-contracts.md
certificates.verify,{certificateId:ID;decision:'approve'|'reject';reason?:string},Certificate,DD-A21,mock-service,D01; input constraints in the corresponding DD; expectedVersion required for updates; IR111 only pending_verification; approve updates the Membership qualification validUntil,"D04: call writes.getResult with the key, then retry the same intent",admin:job.write,write,service-contracts.ts;deterministic-contracts.md;strict-review-contracts.md;write-version-catalog.csv;review-resolution-contracts.md
clientUsers.list,Query,Page<ClientUser>,DD-A17;DD-C19,mock-service,D01; input constraints in the corresponding DD; scope-bound snapshot,"D04: retry only UNAVAILABLE, at most twice",client:self-customer:owner | admin:asset.read,read,service-contracts.ts;deterministic-contracts.md;strict-review-contracts.md;write-version-catalog.csv;review-resolution-contracts.md
clientUsers.remove,{id:ID;reason:string},DeletedResource,DD-A17,mock-service,D01; input constraints in the corresponding DD; expectedVersion required for updates; IR111 reason 1–1000; last active owner cannot be removed (CONFLICT),"D04: call writes.getResult with the key, then retry the same intent",admin:asset.write,write,service-contracts.ts;deterministic-contracts.md;strict-review-contracts.md;write-version-catalog.csv;review-resolution-contracts.md
clientUsers.resendInvite,{id:ID},NotificationPreview,DD-A17;DD-C19,mock-service,D01; input constraints in the corresponding DD; scope-bound snapshot,"D04: retry only UNAVAILABLE, at most twice",client:self-customer:owner | admin:asset.write,read,service-contracts.ts;deterministic-contracts.md;strict-review-contracts.md;write-version-catalog.csv;review-resolution-contracts.md
clientUsers.save,{id?:ID;customerId:ID;email:string;clientRole:ClientRole;status?:'active'|'disabled';reason?:string},ClientUser,DD-A17;DD-C19,mock-service,D01; input constraints in the corresponding DD; expectedVersion required for updates; IR111 email unique per customer; last active owner cannot be demoted or disabled (CONFLICT),"D04: call writes.getResult with the key, then retry the same intent",client:self-customer:owner:invite-member-only | admin:asset.write,write,service-contracts.ts;deterministic-contracts.md;strict-review-contracts.md;write-version-catalog.csv;review-resolution-contracts.md
commands.create,{unitId:ID;action:UnitAction;jobId?:ID;reason?:string;expectedUnitVersion:number},Command,DD-C03;DD-T10;DD-A11 through automations.fire;DD-C04;DD-C05;DD-A02;DD-C14,mock-service,"D01; input constraints in the corresponding DD; expectedVersion required for updates; IR46 restriction action table; IR47 derived connection/powerSignal OFFLINE; IR74 client omits reason; IR94 technician write table (assignment and work window, jobId required when typed); IR109 group control sends one command per selected unit (owner only)","D04: call writes.getResult with the key, then retry the same intent",client:control.execute | technician:control.diagnose:job-required | admin:control.execute,write,service-contracts.ts;deterministic-contracts.md;strict-review-contracts.md;write-version-catalog.csv;review-resolution-contracts.md
commands.get,{id:ID},Command,DD-A09;DD-A12;DD-C03;DD-C12;DD-T10;DD-A02;DD-A16;DD-C14,mock-service,D01; input constraints in the corresponding DD; scope-bound snapshot,"D04: retry only UNAVAILABLE, at most twice",client:self | technician:assigned | admin:control.execute | admin:restriction.read | admin:restriction.override | admin:automation.policy.read,read,service-contracts.ts;deterministic-contracts.md;strict-review-contracts.md;write-version-catalog.csv;review-resolution-contracts.md
consents.get,{purpose:'location_automation'},Consent,DD-C05,mock-service,D01; input constraints in the corresponding DD; scope-bound snapshot; IR84 seed/initial record; absent record NOT_FOUND,"D04: retry only UNAVAILABLE, at most twice",client:own-membership,read,service-contracts.ts;deterministic-contracts.md;strict-review-contracts.md;write-version-catalog.csv;review-resolution-contracts.md
consents.update,{purpose:'location_automation';granted:boolean},Consent,DD-C05,mock-service,D01; input constraints in the corresponding DD; expectedVersion required for updates,"D04: call writes.getResult with the key, then retry the same intent",client:own-membership,write,service-contracts.ts;deterministic-contracts.md;strict-review-contracts.md;write-version-catalog.csv;review-resolution-contracts.md
contractors.list,Query,Page<ContractorProfile>,DD-A21,mock-service,D01; input constraints in the corresponding DD; scope-bound snapshot,"D04: retry only UNAVAILABLE, at most twice",admin:job.read,read,service-contracts.ts;deterministic-contracts.md;strict-review-contracts.md;write-version-catalog.csv;review-resolution-contracts.md
contractors.save,{id?:ID;organizationId:ID;registrationNo:string;serviceAreas:string[];contactEmail:string;insuranceValidUntil:Instant|null},ContractorProfile,DD-A21,mock-service,D01; input constraints in the corresponding DD; expectedVersion required for updates; IR111 organization kind=contractor; service areas at least one,"D04: call writes.getResult with the key, then retry the same intent",admin:job.write,write,service-contracts.ts;deterministic-contracts.md;strict-review-contracts.md;write-version-catalog.csv;review-resolution-contracts.md
contractors.setOfferStatus,{contractorOrgId:ID;status:'active'|'suspended';reason:string},ContractorProfile,DD-A21,mock-service,D01; input constraints in the corresponding DD; expectedVersion required for updates; IR111 reason 1–1000; suspension blocks new jobs.offer only,"D04: call writes.getResult with the key, then retry the same intent",admin:job.write,write,service-contracts.ts;deterministic-contracts.md;strict-review-contracts.md;write-version-catalog.csv;review-resolution-contracts.md
contracts.list,Query,Page<Contract>,DD-A07;DD-A08;DD-C10;DD-A09;DD-A19,mock-service,D01; input constraints in the corresponding DD; scope-bound snapshot,"D04: retry only UNAVAILABLE, at most twice",client:self | admin:contract.read | admin:billing.read | admin:restriction.read,read,service-contracts.ts;deterministic-contracts.md;strict-review-contracts.md;write-version-catalog.csv;review-resolution-contracts.md
contracts.save,{id?:ID;customerId:ID;unitIds:ID[];planType:Contract['planType'];startAt:Instant;endAt:Instant;priceMinor:number;currency:Currency;restrictionEligible:boolean;rulesVersion:ID|null},Contract,DD-A07,mock-service,D01; input constraints in the corresponding DD; expectedVersion required for updates,"D04: call writes.getResult with the key, then retry the same intent",admin:contract.write,write,service-contracts.ts;deterministic-contracts.md;strict-review-contracts.md;write-version-catalog.csv;review-resolution-contracts.md
customers.list,Query,Page<Customer>,DD-A02;DD-A07;DD-A15;DD-A05;DD-A18,mock-service,D01; input constraints in the corresponding DD; scope-bound snapshot,"D04: retry only UNAVAILABLE, at most twice",admin:asset.read | admin:contract.read:scope-candidate-read-only | admin:offset.read:scope-candidate-read-only,read,service-contracts.ts;deterministic-contracts.md;strict-review-contracts.md;write-version-catalog.csv;review-resolution-contracts.md
customers.save,{id?:ID;name:string;organizationId:ID;serviceProfile:Customer['serviceProfile'];status:'active'|'inactive'},Customer,DD-A02,mock-service,D01; input constraints in the corresponding DD; expectedVersion required for updates,"D04: call writes.getResult with the key, then retry the same intent",admin:asset.write,write,service-contracts.ts;deterministic-contracts.md;strict-review-contracts.md;write-version-catalog.csv;review-resolution-contracts.md
demo.advanceClock,{to:Instant},DemoGeneration,DDC-07,demo-only,D01; IR36 forward jumps; set initial time only immediately after reset; shift Session expiry,"D04: call writes.getResult with the key, then retry the same intent",public:demo-panel-only,write,service-contracts.ts;deterministic-contracts.md;strict-review-contracts.md;write-version-catalog.csv;review-resolution-contracts.md
demo.reset,{confirmation:true},DemoGeneration,DDC-07,demo-only,D01; input constraints in the corresponding DD; expectedVersion required for updates,"D04: call writes.getResult with the key, then retry the same intent",public:demo-panel-only,write,service-contracts.ts;deterministic-contracts.md;strict-review-contracts.md;write-version-catalog.csv;review-resolution-contracts.md
demo.trigger,DemoTrigger,DemoEvent,DDC-07,demo-only,D01; IR37 includes transport/network injection; IR45 simulator on/off; IR59 payment branch removed; IR77 telemetry sequence optional (latest+1); IR98 allergen/load_alert events; IR213 telemetry causes unit_mismatch → non_finite → out_of_range → invalid_time,"D04: call writes.getResult with the key, then retry the same intent",public:demo-panel-only,write,service-contracts.ts;deterministic-contracts.md;strict-review-contracts.md;write-version-catalog.csv;review-resolution-contracts.md
demoSession.extend,"Record<string,never>",Session,DDC-07,demo-only,IR55 valid session only; expiresAt=now+30min; no audit,UNAUTHENTICATED after expiry: purge and /login,authenticated:own-session,write,service-contracts.ts;deterministic-contracts.md;strict-review-contracts.md;write-version-catalog.csv;review-resolution-contracts.md
demoSession.signIn,{demoActorId:ID;returnTo?:string},Session,DDC-07,demo-only,D01; input constraints in the corresponding DD; expectedVersion required for updates,"D04: call writes.getResult with the key, then retry the same intent",public:demo-only,write,service-contracts.ts;deterministic-contracts.md;strict-review-contracts.md;write-version-catalog.csv;review-resolution-contracts.md
demoSession.signOut,"Record<string,never>",undefined,DDC-07,demo-only,D01; input constraints in the corresponding DD; expectedVersion required for updates,"D04: call writes.getResult with the key, then retry the same intent",authenticated:own-session,write,service-contracts.ts;deterministic-contracts.md;strict-review-contracts.md;write-version-catalog.csv;review-resolution-contracts.md
demoSession.switchMembership,{demoMembershipId:ID},Session,DDC-07,demo-only,D01; input constraints in the corresponding DD; expectedVersion required for updates,"D04: call writes.getResult with the key, then retry the same intent",authenticated:demo-account-switch; D09,write,service-contracts.ts;deterministic-contracts.md;strict-review-contracts.md;write-version-catalog.csv;review-resolution-contracts.md
devices.addResponseNote,{deviceId:ID;eventId:ID;responseNote:string},DeviceEvent,DD-T12,mock-service,"D01; input constraints in the corresponding DD; expectedVersion required for updates; IR94 technician write table (assignment and work window, jobId required when typed)","D04: call writes.getResult with the key, then retry the same intent",technician:device.maintain:assigned-valid-job | admin:device.write,write,service-contracts.ts;deterministic-contracts.md;strict-review-contracts.md;write-version-catalog.csv;review-resolution-contracts.md
devices.bind,{deviceId:ID;unitId:ID;jobId?:ID;reason:string},Device,DD-T11;DD-A04,mock-service,"D01; input constraints in the corresponding DD; expectedVersion required for updates; IR94 technician write table (assignment and work window, jobId required when typed)","D04: call writes.getResult with the key, then retry the same intent",technician:device.maintain:assigned-valid-job | admin:device.write,write,service-contracts.ts;deterministic-contracts.md;strict-review-contracts.md;write-version-catalog.csv;review-resolution-contracts.md
devices.calibrate,{deviceId:ID;sensorId:ID;metric:Metric;unit:UnitSymbol;referenceValue:number;measuredValue:number;calibratedAt:Instant;jobId?:ID},CalibrationRecord,DD-T11;DD-A04,mock-service,"D01; input constraints in the corresponding DD; expectedVersion required for updates; IR94 technician write table (assignment and work window, jobId required when typed)","D04: call writes.getResult with the key, then retry the same intent",technician:device.maintain:assigned-valid-job | admin:device.write,write,service-contracts.ts;deterministic-contracts.md;strict-review-contracts.md;write-version-catalog.csv;review-resolution-contracts.md
devices.calibrations,{deviceId:ID;query:Query},Page<CalibrationRecord>,DD-T11;DD-A04,mock-service,D01; SR08/SR09,"D04: retry only UNAVAILABLE, at most twice",technician:device.maintain:assigned-valid-job | admin:device.read; SR24 current-device AND occurrence-scope,read,service-contracts.ts;deterministic-contracts.md;strict-review-contracts.md;write-version-catalog.csv;review-resolution-contracts.md
devices.check,{id:ID;jobId?:ID},DeviceOperation,DD-T11;DD-A04,mock-service,"D01; input constraints in the corresponding DD; expectedVersion required for updates; IR67 queued→running after 1s tick; IR90 recheck failure CONFLICT; restriction commands not_sent while running; IR94 technician write table (assignment and work window, jobId required when typed)","D04: call writes.getResult with the key, then retry the same intent",technician:device.maintain:assigned-valid-job | admin:device.write,write,service-contracts.ts;deterministic-contracts.md;strict-review-contracts.md;write-version-catalog.csv;review-resolution-contracts.md
devices.events,{id:ID;query:Query},Page<DeviceEvent>,DD-A04;DD-A16;DD-T12,mock-service,D01; input constraints in the corresponding DD; scope-bound snapshot,"D04: retry only UNAVAILABLE, at most twice",client:self | contractor:accepted-valid-offer | technician:assigned | admin:device.read | admin:audit.read; SR24 current-device AND occurrence-scope,read,service-contracts.ts;deterministic-contracts.md;strict-review-contracts.md;write-version-catalog.csv;review-resolution-contracts.md
devices.get,{id:ID},DeviceDetail,DD-T11;DD-T12;DD-A04,mock-service,D01; input constraints in the corresponding DD; scope-bound snapshot,"D04: retry only UNAVAILABLE, at most twice",client:self | contractor:accepted-valid-offer | technician:assigned | admin:device.read | admin:audit.read; SR24 current-device AND occurrence-scope,read,service-contracts.ts;deterministic-contracts.md;strict-review-contracts.md;write-version-catalog.csv;review-resolution-contracts.md
devices.list,Query,Page<Device>,DD-A04;DD-T02;DD-T11;DD-A16;DD-A20,mock-service,D01; input constraints in the corresponding DD; scope-bound snapshot,"D04: retry only UNAVAILABLE, at most twice",client:self | contractor:accepted-valid-offer | technician:assigned | admin:device.read | admin:audit.read,read,service-contracts.ts;deterministic-contracts.md;strict-review-contracts.md;write-version-catalog.csv;review-resolution-contracts.md
devices.operations,{deviceId:ID;query:Query},Page<DeviceOperation>,DD-T11;DD-A04,mock-service,D01; SR08/SR09,"D04: retry only UNAVAILABLE, at most twice",technician:device.maintain:assigned-valid-job | admin:device.read; SR24 current-device AND occurrence-scope,read,service-contracts.ts;deterministic-contracts.md;strict-review-contracts.md;write-version-catalog.csv;review-resolution-contracts.md
devices.register,{serial:string;sensorTypes:Metric[];unitId:ID;jobId?:ID},Device,DD-T11;DD-A04,mock-service,"D01; input constraints in the corresponding DD; IR43 sensorTypes⊆Capability.sensors; IR94 technician write table (assignment and work window, jobId required when typed)","D04: call writes.getResult with the key, then retry the same intent",technician:device.maintain:assigned-valid-job | admin:device.write,write,service-contracts.ts;deterministic-contracts.md;strict-review-contracts.md;write-version-catalog.csv;review-resolution-contracts.md
devices.updateFirmware,{deviceId:ID;firmwareVersion:string;jobId?:ID},DeviceOperation,DD-T11;DD-A04,mock-service,"D01; input constraints in the corresponding DD; expectedVersion required for updates; IR67 queued→running after 1s tick; IR90 recheck failure CONFLICT; restriction commands not_sent while running; IR94 technician write table (assignment and work window, jobId required when typed); IR94 non-online at request: OFFLINE without operation","D04: call writes.getResult with the key, then retry the same intent",technician:device.maintain:assigned-valid-job | admin:device.write,write,service-contracts.ts;deterministic-contracts.md;strict-review-contracts.md;write-version-catalog.csv;review-resolution-contracts.md
diagnosticRuns.create,{jobId:ID;unitId:ID;startAction:UnitAction;endAction:UnitAction;durationMinutes:number;reason:string;expectedUnitVersion:number;expectedJobVersion:number},DiagnosticRun,DD-T10,mock-service,"D01; input constraints in the corresponding DD; expectedVersion required for updates; IR94 technician write table (assignment and work window, jobId required when typed)","D04: call writes.getResult with the key, then retry the same intent",technician:control.diagnose:assigned-valid-job,write,service-contracts.ts;deterministic-contracts.md;strict-review-contracts.md;write-version-catalog.csv;review-resolution-contracts.md
diagnosticRuns.get,{diagnosticRunId:ID},DiagnosticRun,DD-T10;DD-A02,mock-service,D01; input constraints in the corresponding DD; scope-bound snapshot,"D04: retry only UNAVAILABLE, at most twice",technician:control.diagnose:assigned-valid-job | admin:job.read | admin:control.execute,read,service-contracts.ts;deterministic-contracts.md;strict-review-contracts.md;write-version-catalog.csv;review-resolution-contracts.md
diagnosticRuns.list,{unitId:ID;jobId?:ID;query:Query},Page<DiagnosticRun>,DD-T10;DD-A02,mock-service,D01; SR08/SR09,"D04: retry only UNAVAILABLE, at most twice",technician:control.diagnose:assigned-valid-job | admin:job.read | admin:control.execute,read,service-contracts.ts;deterministic-contracts.md;strict-review-contracts.md;write-version-catalog.csv;review-resolution-contracts.md
energy.exportReport,{month:string;propertyIds:ID[];sections:('energy_cost'|'month_comparison'|'co2_offsets'|'alerts_maintenance')[];format:'pdf'|'csv'},ReportFile,DD-C16,mock-service,D01; input constraints in the corresponding DD; scope-bound snapshot; IR110 month YYYY-MM already ended; at least one section,"D04: retry only UNAVAILABLE, at most twice",client:self,read,service-contracts.ts;deterministic-contracts.md;strict-review-contracts.md;write-version-catalog.csv;review-resolution-contracts.md
energy.summary,Range & {unitIds:ID[];baselineId?:ID;tariffVersion?:ID},EnergySummary,DD-A13;DD-C06;DD-C13,mock-service,D01; input constraints in the corresponding DD; scope-bound snapshot,"D04: retry only UNAVAILABLE, at most twice",client:self | admin:energy.read | admin:mrv.read,read,service-contracts.ts;deterministic-contracts.md;strict-review-contracts.md;write-version-catalog.csv;review-resolution-contracts.md
factors.list,Query,Page<EmissionFactor>,DD-A14,mock-service,D01; input constraints in the corresponding DD; scope-bound snapshot,"D04: retry only UNAVAILABLE, at most twice",admin:mrv.read,read,service-contracts.ts;deterministic-contracts.md;strict-review-contracts.md;write-version-catalog.csv;review-resolution-contracts.md
factors.save,Save<EmissionFactor>,EmissionFactor,DD-A14,mock-service,D01; input constraints in the corresponding DD; expectedVersion required for updates,"D04: call writes.getResult with the key, then retry the same intent",admin:mrv.factors,write,service-contracts.ts;deterministic-contracts.md;strict-review-contracts.md;write-version-catalog.csv;review-resolution-contracts.md
filterCare.list,Query,Page<FilterCareStatus>,DD-C18,mock-service,D01; input constraints in the corresponding DD; scope-bound snapshot,"D04: retry only UNAVAILABLE, at most twice",client:self | technician:assigned,read,service-contracts.ts;deterministic-contracts.md;strict-review-contracts.md;write-version-catalog.csv;review-resolution-contracts.md
filterCare.markCleaned,{unitId:ID},FilterCareStatus,DD-C18,mock-service,D01; input constraints in the corresponding DD; expectedVersion required for updates,"D04: call writes.getResult with the key, then retry the same intent",client:self,write,service-contracts.ts;deterministic-contracts.md;strict-review-contracts.md;write-version-catalog.csv;review-resolution-contracts.md
filterCare.saveSettings,{thresholdHours:number|null;fallbackDays:number;recipients:FilterCareSettings['recipients'];channels:Channel[]},FilterCareSettings,DD-C18,mock-service,D01; input constraints in the corresponding DD; expectedVersion required for updates; IR110 thresholdHours 50–2000 or null (model default); fallbackDays 7–180,"D04: call writes.getResult with the key, then retry the same intent",client:self-customer:owner,write,service-contracts.ts;deterministic-contracts.md;strict-review-contracts.md;write-version-catalog.csv;review-resolution-contracts.md
firmwareCampaigns.control,{campaignId:ID;action:'pause'|'resume'|'abort'|'retry_device';deviceId?:ID;reason?:string},FirmwareCampaign,DD-A20,mock-service,D01; input constraints in the corresponding DD; expectedVersion required for updates; IR111 abort requires reason 1–1000; retry_device only for failed or skipped devices,"D04: call writes.getResult with the key, then retry the same intent",admin:device.write,write,service-contracts.ts;deterministic-contracts.md;strict-review-contracts.md;write-version-catalog.csv;review-resolution-contracts.md
firmwareCampaigns.get,{id:ID},FirmwareCampaign,DD-A20,mock-service,D01; input constraints in the corresponding DD; scope-bound snapshot,"D04: retry only UNAVAILABLE, at most twice",admin:device.read,read,service-contracts.ts;deterministic-contracts.md;strict-review-contracts.md;write-version-catalog.csv;review-resolution-contracts.md
firmwareCampaigns.list,Query,Page<FirmwareCampaign>,DD-A20,mock-service,D01; input constraints in the corresponding DD; scope-bound snapshot,"D04: retry only UNAVAILABLE, at most twice",admin:device.read,read,service-contracts.ts;deterministic-contracts.md;strict-review-contracts.md;write-version-catalog.csv;review-resolution-contracts.md
firmwareCampaigns.schedule,{modelId:ID;targetVersion:string;deviceIds:ID[];waves:FirmwareCampaign['waves'];window:FirmwareCampaign['window'];autoPauseFailurePercent:number;startAt:Instant},FirmwareCampaign,DD-A20,mock-service,D01; input constraints in the corresponding DD; expectedVersion required for updates; IR111 signed target version from Capability.firmwareCandidates; startAt at least 24 h ahead; waves ascending ending at 100; autoPause 1–50 %,"D04: call writes.getResult with the key, then retry the same intent",admin:device.write,write,service-contracts.ts;deterministic-contracts.md;strict-review-contracts.md;write-version-catalog.csv;review-resolution-contracts.md
inquiries.answer,{inquiryId:ID;reply:string},Inquiry,DD-A08,mock-service,D01; input constraints in the corresponding DD; expectedVersion required for updates,"D04: call writes.getResult with the key, then retry the same intent",admin:billing.write,write,service-contracts.ts;deterministic-contracts.md;strict-review-contracts.md;write-version-catalog.csv;review-resolution-contracts.md
inquiries.create,{subjectType:'payment'|'restriction';invoiceId?:ID;restrictionId?:ID;message:string},Inquiry,DD-C12,mock-service,D01; input constraints in the corresponding DD; expectedVersion required for updates,"D04: call writes.getResult with the key, then retry the same intent",client:self,write,service-contracts.ts;deterministic-contracts.md;strict-review-contracts.md;write-version-catalog.csv;review-resolution-contracts.md
inquiries.list,Query,Page<Inquiry>,DD-A08;DD-C12,mock-service,D01; input constraints in the corresponding DD; scope-bound snapshot,"D04: retry only UNAVAILABLE, at most twice",client:self | admin:billing.read,read,service-contracts.ts;deterministic-contracts.md;strict-review-contracts.md;write-version-catalog.csv;review-resolution-contracts.md
invoices.create,Money & {contractId:ID;contractVersion:number;period:Range;dueAt:Instant},Invoice,DD-A08,mock-service,D01; input constraints in the corresponding DD; expectedVersion required for updates; IR90 dueAt must be after now,"D04: call writes.getResult with the key, then retry the same intent",admin:billing.write,write,service-contracts.ts;deterministic-contracts.md;strict-review-contracts.md;write-version-catalog.csv;review-resolution-contracts.md
invoices.get,{id:ID},InvoiceDetail,DD-C11;DD-A08,mock-service,D01; input constraints in the corresponding DD; scope-bound snapshot,"D04: retry only UNAVAILABLE, at most twice",client:self | admin:billing.read | admin:restriction.read,read,service-contracts.ts;deterministic-contracts.md;strict-review-contracts.md;write-version-catalog.csv;review-resolution-contracts.md
invoices.list,Query,Page<Invoice>,DD-A08;DD-C10;DD-A09,mock-service,D01; input constraints in the corresponding DD; scope-bound snapshot,"D04: retry only UNAVAILABLE, at most twice",client:self | admin:billing.read | admin:restriction.read,read,service-contracts.ts;deterministic-contracts.md;strict-review-contracts.md;write-version-catalog.csv;review-resolution-contracts.md
invoices.remind,{invoiceId:ID;recipientMembershipId:ID;channel:Channel;reason:string},InvoiceReminderReceipt,DD-A08,mock-service,IR04: overdue unpaid; current recipient; expectedVersion=Invoice.version,D04: same-key receipt; no duplicate notification,admin:billing.write,write,service-contracts.ts;deterministic-contracts.md;strict-review-contracts.md;write-version-catalog.csv;review-resolution-contracts.md
jobs.accept,{jobId:ID;offerId:ID;termsVersion:ID},JobDecisionReceipt,DD-P02,mock-service,D01; input constraints in the corresponding DD; expectedVersion required for updates; IR86 expired undecided own offer: CONFLICT errors.offer_expired,"D04: call writes.getResult with the key, then retry the same intent; IR01 own valid membership receipt after decline/offer expiry",contractor:partner.accept:own-valid-offer:first-attempt | IR01:same-key-receipt:original-user:current-own-membership,write,service-contracts.ts;deterministic-contracts.md;strict-review-contracts.md;write-version-catalog.csv;review-resolution-contracts.md
jobs.acknowledgeAssignment,{jobId:ID;decision:'accept'|'cant_make';reason?:string;alternativeSlot?:Slot|null},Assignment,DD-T08,mock-service,D01; input constraints in the corresponding DD; expectedVersion required for updates; IR113 own active Assignment with acknowledgement=pending; cant_make needs reason 1–1000; alternativeSlot optional,"D04: call writes.getResult with the key, then retry the same intent",technician:assigned-valid-job,write,service-contracts.ts;deterministic-contracts.md;strict-review-contracts.md;write-version-catalog.csv;review-resolution-contracts.md
jobs.addNote,{jobId:ID;message:string;visibility:'internal'|'customer'},JobNote,DD-C09;DD-P07,mock-service,D01; input constraints in the corresponding DD; expectedVersion required for updates,"D04: call writes.getResult with the key, then retry the same intent",client:self:customer-visibility | contractor:delegated | admin:job.write,write,service-contracts.ts;deterministic-contracts.md;strict-review-contracts.md;write-version-catalog.csv;review-resolution-contracts.md
jobs.assign,{jobId:ID;technicianMembershipId:ID;startAt:Instant;endAt:Instant;reason?:string},MaintenanceJob,DD-A06;DD-P03,mock-service,"D01; input constraints in the corresponding DD; expectedVersion required for updates; IR89 success updates Job.assignmentId/scheduledSlot and version; IR94 technician scope must include Job.unitId; IR113 client_request/periodic_plan: [startAt,endAt) must equal the agreed slot (offer visitSlot for contractors) else VALIDATION errors.slot_not_agreed; creates acknowledgement=pending","D04: call writes.getResult with the key, then retry the same intent",contractor:partner.assign:own-valid-offer | admin:job.write:internal-job,write,service-contracts.ts;deterministic-contracts.md;strict-review-contracts.md;write-version-catalog.csv;review-resolution-contracts.md
jobs.cancel,{jobId:ID;cancelReason:string},MaintenanceJob,DD-A06;DD-C09,mock-service,D01; input constraints in the corresponding DD; expectedVersion required for updates; IR56 state table,"D04: call writes.getResult with the key, then retry the same intent",client:self:requested-only | admin:job.write,write,service-contracts.ts;deterministic-contracts.md;strict-review-contracts.md;write-version-catalog.csv;review-resolution-contracts.md
jobs.checkIn,{jobId:ID;method:'location_qr'|'manual';distanceMeters:number|null;qrUnitId:ID|null;reason?:string},MaintenanceJob,DD-T13,mock-service,D01; input constraints in the corresponding DD; expectedVersion required for updates; IR111 within the work window; manual method requires reason 1–1000; location within 200 m for location_qr,"D04: call writes.getResult with the key, then retry the same intent",technician:assigned-valid-job,write,service-contracts.ts;deterministic-contracts.md;strict-review-contracts.md;write-version-catalog.csv;review-resolution-contracts.md
jobs.classifyFollowUp,{jobId:ID;classification:'rework'|'new_request';reason:string},MaintenanceJob,DD-A06,mock-service,D01; input constraints in the corresponding DD; expectedVersion required for updates; IR110 only followUpClass=pending; reason 1–1000,"D04: call writes.getResult with the key, then retry the same intent",admin:job.write,write,service-contracts.ts;deterministic-contracts.md;strict-review-contracts.md;write-version-catalog.csv;review-resolution-contracts.md
jobs.create,{unitId:ID;type:MaintenanceJob['type'];symptom:string;requestedStart:Instant;requestedEnd:Instant;alternativeSlots:Slot[];contactWindow?:string;dueAt?:Instant},MaintenanceJob,DD-A06;DD-C09,mock-service,"D01; input constraints in the corresponding DD; IR38 dueAt only for job.write; defaults to requestedEnd; IR113 client: requested slot + exactly 2 alternativeSlots, 3 distinct future slots ≥1 day ahead; HQ on behalf: 0–2","D04: call writes.getResult with the key, then retry the same intent",client:self | admin:job.write,write,service-contracts.ts;deterministic-contracts.md;strict-review-contracts.md;write-version-catalog.csv;review-resolution-contracts.md
jobs.decline,{jobId:ID;offerId:ID;reason:string},JobDecisionReceipt,DD-P02,mock-service,D01; input constraints in the corresponding DD; expectedVersion required for updates; IR86 expired undecided own offer: CONFLICT errors.offer_expired,"D04: call writes.getResult with the key, then retry the same intent; IR01 own valid membership receipt after decline/offer expiry",contractor:partner.accept:own-valid-offer:first-attempt | IR01:same-key-receipt:original-user:current-own-membership,write,service-contracts.ts;deterministic-contracts.md;strict-review-contracts.md;write-version-catalog.csv;review-resolution-contracts.md
jobs.events,{jobId:ID;query:Query},Page<JobEvent>,DD-P07,mock-service,D01; input constraints in the corresponding DD; scope-bound snapshot,"D04: retry only UNAVAILABLE, at most twice",client:self | contractor:offer-projection-or-delegated-history | technician:assigned-history | admin:job.read,read,service-contracts.ts;deterministic-contracts.md;strict-review-contracts.md;write-version-catalog.csv;review-resolution-contracts.md
jobs.extendAccess,{jobId:ID;accessValidUntil:Instant;reason:string},MaintenanceJob,DD-A06,mock-service,D01; input constraints in the corresponding DD; expectedVersion required for updates,"D04: call writes.getResult with the key, then retry the same intent",admin:job.write,write,service-contracts.ts;deterministic-contracts.md;strict-review-contracts.md;write-version-catalog.csv;review-resolution-contracts.md
jobs.get,{jobId:ID},JobDetail|JobOfferSummary|JobHistorySnapshot,DD-A06;DD-C09;DD-P01;DD-P02;DD-P05;DD-P08;DD-T04;DD-T05;DD-T06;DD-T08;DD-T09;DD-T10;DD-C17;DD-T13,mock-service,D01; input constraints in the corresponding DD; scope-bound snapshot; IR86 expired unanswered offer: NOT_FOUND for contractor,"D04: retry only UNAVAILABLE, at most twice",client:self | contractor:offer-projection-or-delegated-history | technician:assigned-history | admin:job.read,read,service-contracts.ts;deterministic-contracts.md;strict-review-contracts.md;write-version-catalog.csv;review-resolution-contracts.md
jobs.hold,{jobId:ID;reason:string},MaintenanceJob,DD-A06,mock-service,D01; input constraints in the corresponding DD; expectedVersion required for updates,"D04: call writes.getResult with the key, then retry the same intent",admin:job.write,write,service-contracts.ts;deterministic-contracts.md;strict-review-contracts.md;write-version-catalog.csv;review-resolution-contracts.md
jobs.list,Query,Page<JobSummary|JobOfferSummary|JobHistorySnapshot>,DD-A06;DD-C09;DD-P01;DD-P03;DD-P06;DD-T01;DD-T11,mock-service,D01; input constraints in the corresponding DD; scope-bound snapshot; IR23: project before filters/sort/total,"D04: retry only UNAVAILABLE, at most twice",client:self | contractor:offer-projection-or-delegated-history | technician:assigned-history | admin:job.read,read,service-contracts.ts;deterministic-contracts.md;strict-review-contracts.md;write-version-catalog.csv;review-resolution-contracts.md
jobs.offer,{jobId:ID;contractorOrgId:ID;visitSlot:Slot;offerExpiresAt:Instant;accessValidFrom:Instant;accessValidUntil:Instant;termsVersion:ID},MaintenanceJob,DD-A06,mock-service,D01; input constraints in the corresponding DD; expectedVersion required for updates; IR48 requested only; offerExpiresAt<=accessValidUntil; expiry returns requested; IR113 visitSlot must be an agreed slot (preferred or accepted proposal; plan occurrence) else VALIDATION errors.slot_not_agreed; access window covers visitSlot,"D04: call writes.getResult with the key, then retry the same intent",admin:job.write,write,service-contracts.ts;deterministic-contracts.md;strict-review-contracts.md;write-version-catalog.csv;review-resolution-contracts.md
jobs.pauseWork,{jobId:ID;paused:boolean},MaintenanceJob,DD-T14,mock-service,D01; input constraints in the corresponding DD; expectedVersion required for updates,"D04: call writes.getResult with the key, then retry the same intent",technician:assigned-valid-job,write,service-contracts.ts;deterministic-contracts.md;strict-review-contracts.md;write-version-catalog.csv;review-resolution-contracts.md
jobs.proposePartnerSlot,{jobId:ID;offerId:ID;slot:Slot;technicianMembershipId:ID;reason:string},MaintenanceJob,DD-P02,mock-service,"D01; input constraints in the corresponding DD; expectedVersion required for updates; IR113 own open offer (status offered, not expired); no pending partner proposal; qualified own technician; reason 1–1000","D04: call writes.getResult with the key, then retry the same intent",contractor:partner.accept:own-valid-offer,write,service-contracts.ts;deterministic-contracts.md;strict-review-contracts.md;write-version-catalog.csv;review-resolution-contracts.md
jobs.proposeSlot,{jobId:ID;slot:Slot;hold:SlotHold;message:string;replyBy:Instant},MaintenanceJob,DD-A06,mock-service,D01; input constraints in the corresponding DD; expectedVersion required for updates; IR113 status requested (or offered/accepted/assigned after cant_make/decline); slot not one of preferredSlots (errors.slot_is_preferred); no pending proposal; message 1–1000; replyBy future ≤7 days,"D04: call writes.getResult with the key, then retry the same intent",admin:job.write,write,service-contracts.ts;deterministic-contracts.md;strict-review-contracts.md;write-version-catalog.csv;review-resolution-contracts.md
jobs.rate,{jobId:ID;stars:JobRating['stars'];tags:string[];comment?:string},MaintenanceJob,DD-C17,mock-service,D01; input constraints in the corresponding DD; expectedVersion required for updates; IR110 stars 1–5 required; tags from a fixed list; comment 0–1000; editable for 7 days,"D04: call writes.getResult with the key, then retry the same intent",client:self:completed,write,service-contracts.ts;deterministic-contracts.md;strict-review-contracts.md;write-version-catalog.csv;review-resolution-contracts.md
jobs.recordWarrantyClaim,{jobId:ID;partLabel:string;amountMinor:number;currency:Currency;reason:string},MaintenanceJob,DD-A19,mock-service,D01; input constraints in the corresponding DD; expectedVersion required for updates; IR111 only for completed jobs whose replaced part was under warranty; amount > 0 in contract currency,"D04: call writes.getResult with the key, then retry the same intent",admin:job.write,write,service-contracts.ts;deterministic-contracts.md;strict-review-contracts.md;write-version-catalog.csv;review-resolution-contracts.md
jobs.reportProblem,{jobId:ID;reasonCode:'same_problem'|'new_damage'|'not_completed'|'other';details:string;photos:BlobInput[];preferredSlot:Slot|null},MaintenanceJob,DD-C17,mock-service,D01; input constraints in the corresponding DD; expectedVersion required for updates; IR110 details 10–2000; up to 5 photos; creates a requested follow-up job,"D04: call writes.getResult with the key, then retry the same intent",client:self:completed,write,service-contracts.ts;deterministic-contracts.md;strict-review-contracts.md;write-version-catalog.csv;review-resolution-contracts.md
jobs.requestReschedule,{jobId:ID;preferredSlots:Slot[];comment?:string},MaintenanceJob,DD-C09,mock-service,D01; input constraints in the corresponding DD; expectedVersion required for updates; IR113 periodic_plan job assigned/offered/accepted; ≥48 h before scheduledSlot start; exactly 3 preferred slots,"D04: call writes.getResult with the key, then retry the same intent",client:self:plan-visit,write,service-contracts.ts;deterministic-contracts.md;strict-review-contracts.md;write-version-catalog.csv;review-resolution-contracts.md
jobs.resolvePartnerSlot,{jobId:ID;proposalId:ID;decision:'send_to_client'|'keep';replyBy?:Instant},MaintenanceJob,DD-A06,mock-service,D01; input constraints in the corresponding DD; expectedVersion required for updates; IR113 pending partner proposal; send_to_client creates a SlotProposal(source=contractor) and needs replyBy,"D04: call writes.getResult with the key, then retry the same intent",admin:job.write,write,service-contracts.ts;deterministic-contracts.md;strict-review-contracts.md;write-version-catalog.csv;review-resolution-contracts.md
jobs.respondProposal,{jobId:ID;proposalId:ID;decision:'accept'|'decline';declineReason?:SlotProposal['declineReason'];comment?:string;preferredSlots?:Slot[]},MaintenanceJob,DD-C09,mock-service,D01; input constraints in the corresponding DD; expectedVersion required for updates; IR113 pending proposal of own customer job; decline needs declineReason; preferredSlots empty or exactly 3 distinct future slots,"D04: call writes.getResult with the key, then retry the same intent",client:self:pending-proposal,write,service-contracts.ts;deterministic-contracts.md;strict-review-contracts.md;write-version-catalog.csv;review-resolution-contracts.md
jobs.resumeHold,{jobId:ID;reason:string},MaintenanceJob,DD-A06,mock-service,D01; input constraints in the corresponding DD; expectedVersion required for updates,"D04: call writes.getResult with the key, then retry the same intent",admin:job.write,write,service-contracts.ts;deterministic-contracts.md;strict-review-contracts.md;write-version-catalog.csv;review-resolution-contracts.md
jobs.resumeRework,{jobId:ID},MaintenanceJob,DD-T08,mock-service,"D01; input constraints in the corresponding DD; expectedVersion required for updates; IR94 technician write table (assignment and work window, jobId required when typed)","D04: call writes.getResult with the key, then retry the same intent",technician:assigned-valid-job,write,service-contracts.ts;deterministic-contracts.md;strict-review-contracts.md;write-version-catalog.csv;review-resolution-contracts.md
jobs.review,{jobId:ID;reportVersion:number;decision:'accept'|'return';reason?:string;reviewMode:'normal'|'hq_escalation'},MaintenanceJob,DD-A06;DD-P05,mock-service,D01; input constraints in the corresponding DD; expectedVersion required for updates; IR87 reason 1-1000,"D04: call writes.getResult with the key, then retry the same intent",contractor:partner.review:own-offer | admin:job.write:internal-or-escalation; no-self-review,write,service-contracts.ts;deterministic-contracts.md;strict-review-contracts.md;write-version-catalog.csv;review-resolution-contracts.md
jobs.saveCost,{jobId:ID;costLines:CostLine[]},MaintenanceJob,DD-A06,mock-service,D01; input constraints in the corresponding DD; expectedVersion required for updates,"D04: call writes.getResult with the key, then retry the same intent",admin:job.write,write,service-contracts.ts;deterministic-contracts.md;strict-review-contracts.md;write-version-catalog.csv;review-resolution-contracts.md
jobs.saveDraft,WorkReportDraft,WorkReport,DD-T04;DD-T05;DD-T06;DD-T09;DD-T14,mock-service,"D01; input constraints in the corresponding DD; expectedVersion required for updates; IR94 technician write table (assignment and work window, jobId required when typed); IR100 partial items allowed","D04: call writes.getResult with the key, then retry the same intent",technician:assigned-valid-job,write,service-contracts.ts;deterministic-contracts.md;strict-review-contracts.md;write-version-catalog.csv;review-resolution-contracts.md
jobs.start,{jobId:ID;startConfirmed:true},MaintenanceJob,DD-T08;DD-T13,mock-service,"D01; input constraints in the corresponding DD; expectedVersion required for updates; IR94 technician write table (assignment and work window, jobId required when typed)","D04: call writes.getResult with the key, then retry the same intent",technician:assigned-valid-job,write,service-contracts.ts;deterministic-contracts.md;strict-review-contracts.md;write-version-catalog.csv;review-resolution-contracts.md
jobs.submit,{jobId:ID;reportVersion:number},MaintenanceJob,DD-T04;DD-T05;DD-T06;DD-T08;DD-T09,mock-service,"D01; input constraints in the corresponding DD; expectedVersion required for updates; IR94 technician write table (assignment and work window, jobId required when typed); IR100 component set and report completeness","D04: call writes.getResult with the key, then retry the same intent",technician:assigned-valid-job,write,service-contracts.ts;deterministic-contracts.md;strict-review-contracts.md;write-version-catalog.csv;review-resolution-contracts.md
jobs.withdrawPartnerSlot,{jobId:ID;proposalId:ID},MaintenanceJob,DD-P02,mock-service,D01; input constraints in the corresponding DD; expectedVersion required for updates; IR113 own pending partner proposal only,"D04: call writes.getResult with the key, then retry the same intent",contractor:partner.accept:own-valid-offer,write,service-contracts.ts;deterministic-contracts.md;strict-review-contracts.md;write-version-catalog.csv;review-resolution-contracts.md
jobs.withdrawProposal,{jobId:ID;proposalId:ID},MaintenanceJob,DD-A06,mock-service,D01; input constraints in the corresponding DD; expectedVersion required for updates; IR113 pending own-tenant proposal only; releases hold,"D04: call writes.getResult with the key, then retry the same intent",admin:job.write,write,service-contracts.ts;deterministic-contracts.md;strict-review-contracts.md;write-version-catalog.csv;review-resolution-contracts.md
locations.rename,{target:LocationTarget;name:string},Property|Space|ACUnit,DD-C02;DD-C03;DD-A02,mock-service,"D01; input constraints in the corresponding DD; expectedVersion required for updates; IR109 name 1–120 characters, unique among siblings; structure fields are not accepted","D04: call writes.getResult with the key, then retry the same intent",client:self-customer | admin:asset.write,write,service-contracts.ts;deterministic-contracts.md;strict-review-contracts.md;write-version-catalog.csv;review-resolution-contracts.md
members.capacity,{date:string;query:Query},Page<Capacity>,DD-P06;DD-P01,mock-service,D01; input constraints in the corresponding DD; scope-bound snapshot; IR94 role=technician only,"D04: retry only UNAVAILABLE, at most twice",admin:identity.read | admin:job.read | contractor:partner.assign:own-company,read,service-contracts.ts;deterministic-contracts.md;strict-review-contracts.md;write-version-catalog.csv;review-resolution-contracts.md
members.eligible,{jobId:ID;startAt:Instant;endAt:Instant;query:Query},Page<Membership>,DD-A06;DD-P03,mock-service,D01; input constraints in the corresponding DD; scope-bound snapshot; IR94 role=technician only; scope includes Job.unitId,"D04: retry only UNAVAILABLE, at most twice",admin:identity.read | admin:job.read | contractor:partner.assign:own-company,read,service-contracts.ts;deterministic-contracts.md;strict-review-contracts.md;write-version-catalog.csv;review-resolution-contracts.md
members.list,Query,Page<Membership>,DD-A03;DD-P06,mock-service,D01; input constraints in the corresponding DD; scope-bound snapshot; IR94 contractor sees own-company technicians only,"D04: retry only UNAVAILABLE, at most twice",admin:identity.read | admin:job.read | contractor:partner.assign:own-company,read,service-contracts.ts;deterministic-contracts.md;strict-review-contracts.md;write-version-catalog.csv;review-resolution-contracts.md
members.save,"{id?:ID;userId:ID;organizationId:ID;role:Role;employment:Membership[""employment""];permissions:Permission[];scopes:ScopeRef[];validFrom:Instant;validUntil:Instant|null;reason:string}",Membership,DD-A03,mock-service,D01; input constraints in the corresponding DD; expectedVersion required for updates; IR84 new client membership creates initial Consent granted=false,"D04: call writes.getResult with the key, then retry the same intent",admin:identity.write,write,service-contracts.ts;deterministic-contracts.md;strict-review-contracts.md;write-version-catalog.csv;review-resolution-contracts.md
members.setUnavailability,{membershipId:ID|null;from:string;to:string;type:Unavailability['type'];note?:string},Unavailability,DD-P06,mock-service,"D01; input constraints in the corresponding DD; expectedVersion required for updates; IR111 from<=to, at most 31 days; conflicting assignments are reported, not changed","D04: call writes.getResult with the key, then retry the same intent",contractor:partner.assign:own-company | admin:job.write,write,service-contracts.ts;deterministic-contracts.md;strict-review-contracts.md;write-version-catalog.csv;review-resolution-contracts.md
mrv.get,{id:ID;reportVersion?:number},MRVReport,DD-A14,mock-service,D01; input constraints in the corresponding DD; scope-bound snapshot,"D04: retry only UNAVAILABLE, at most twice",admin:mrv.read,read,service-contracts.ts;deterministic-contracts.md;strict-review-contracts.md;write-version-catalog.csv;review-resolution-contracts.md
mrv.list,Query,Page<MRVReport>,DD-A14,mock-service,D01; input constraints in the corresponding DD; scope-bound snapshot,"D04: retry only UNAVAILABLE, at most twice",admin:mrv.read,read,service-contracts.ts;deterministic-contracts.md;strict-review-contracts.md;write-version-catalog.csv;review-resolution-contracts.md
mrv.preview,MRVConditions,MRVPreview,DD-A14,mock-service,D01; input constraints in the corresponding DD; scope-bound snapshot,"D04: retry only UNAVAILABLE, at most twice",admin:mrv.read,read,service-contracts.ts;deterministic-contracts.md;strict-review-contracts.md;write-version-catalog.csv;review-resolution-contracts.md
mrv.recordReview,{reportId:ID;reportVersion:number;reviewComment:string},MRVReport,DD-A14,mock-service,D01; input constraints in the corresponding DD; expectedVersion required for updates; IR87 reviewComment 1-1000,"D04: call writes.getResult with the key, then retry the same intent",admin:mrv.review,write,service-contracts.ts;deterministic-contracts.md;strict-review-contracts.md;write-version-catalog.csv;review-resolution-contracts.md
mrv.saveDraft,{id?:ID;conditions:MRVConditions;evidenceIds:ID[]},MRVReport,DD-A14,mock-service,D01; input constraints in the corresponding DD; expectedVersion required for updates,"D04: call writes.getResult with the key, then retry the same intent",admin:mrv.write,write,service-contracts.ts;deterministic-contracts.md;strict-review-contracts.md;write-version-catalog.csv;review-resolution-contracts.md
mrv.versions,{id:ID;query:Query},Page<MRVReport>,DD-A14,mock-service,D01; SR08/SR09,"D04: retry only UNAVAILABLE, at most twice",admin:mrv.read,read,service-contracts.ts;deterministic-contracts.md;strict-review-contracts.md;write-version-catalog.csv;review-resolution-contracts.md
notifications.list,Query,Page<Notification>,DD-C08;DDC-07,mock-service,D01; input constraints in the corresponding DD; scope-bound snapshot; IR58 out-of-scope targets excluded from items/total; IR95 business event notification table,"D04: retry only UNAVAILABLE, at most twice",authenticated:recipient-only; current-target-scope,read,service-contracts.ts;deterministic-contracts.md;strict-review-contracts.md;write-version-catalog.csv;review-resolution-contracts.md
notifications.markRead,{id:ID},Notification,DD-C08,mock-service,D01; input constraints in the corresponding DD; expectedVersion required for updates,"D04: call writes.getResult with the key, then retry the same intent",authenticated:recipient-only,write,service-contracts.ts;deterministic-contracts.md;strict-review-contracts.md;write-version-catalog.csv;review-resolution-contracts.md
notifications.preview,{target:Target;templateKey:Notification['templateKey'];channel:Channel;recipientMembershipId:ID;sourceAlertId?:ID;message?:string;reason?:string},NotificationPreview,DD-A05;DD-A08;DD-C11;DD-P07,mock-service,D01; input constraints in the corresponding DD; scope-bound snapshot,"D04: retry only UNAVAILABLE, at most twice",authenticated:recipient-or-current-target-party; D08 billing/internal projection; payment_reminder:admin:billing.write:overdue-unpaid-only (IR20),read,service-contracts.ts;deterministic-contracts.md;strict-review-contracts.md;write-version-catalog.csv;review-resolution-contracts.md
notifications.recipients,{target:Target;templateKey:Notification['templateKey'];channel:Channel;role?:Role;query:Query},Page<NotificationRecipient>,DD-A05;DD-A08;DD-C11;DD-P07;DD-A05;DD-A12,mock-service,D01; input constraints in the corresponding DD; scope-bound snapshot,"D04: retry only UNAVAILABLE, at most twice",authenticated:current-target-party; D08 recipient projection; payment_reminder:admin:billing.write:overdue-unpaid-only (IR20),read,service-contracts.ts;deterministic-contracts.md;strict-review-contracts.md;write-version-catalog.csv;review-resolution-contracts.md
offsets.list,Query,Page<OffsetRecord>,DD-A15;DD-C13,mock-service,D01; input constraints in the corresponding DD; scope-bound snapshot,"D04: retry only UNAVAILABLE, at most twice",client:self | admin:offset.read; IR90 client only when all unitIds in scope,read,service-contracts.ts;deterministic-contracts.md;strict-review-contracts.md;write-version-catalog.csv;review-resolution-contracts.md
offsets.preview,{customerId?:ID;purpose:string;amountKg:number;period:Range;unitIds:ID[]},OffsetQuote,DD-A15;DD-C13,mock-service,D01; input constraints in the corresponding DD; new quote save needs no expectedVersion (write),"D04: call writes.getResult with the key, then retry the same intent",client:self | admin:offset.write,write,service-contracts.ts;deterministic-contracts.md;strict-review-contracts.md;write-version-catalog.csv;review-resolution-contracts.md
offsets.simulate,({event:'request';quoteId:ID;quoteVersion:number}|{event:'purchase_confirm'|'retire'|'fail';recordId:ID;attemptId:ID;eventId:ID}|{event:'retry';recordId:ID;attemptId:ID}) & {demoConfirmed:true},OffsetRecord,DD-A15;DD-C13,demo-only,D01; input constraints in the corresponding DD; expectedVersion required for updates,"D04: call writes.getResult with the key, then retry the same intent",client:self:event=request-or-retry | admin:offset.write,write,service-contracts.ts;deterministic-contracts.md;strict-review-contracts.md;write-version-catalog.csv;review-resolution-contracts.md
organizations.list,Query,Page<Organization>,DD-A02;DD-A06;DD-A03;DD-A14,mock-service,D01; input constraints in the corresponding DD; scope-bound snapshot,"D04: retry only UNAVAILABLE, at most twice",admin:asset.read | admin:job.read | admin:identity.read | admin:mrv.read,read,service-contracts.ts;deterministic-contracts.md;strict-review-contracts.md;write-version-catalog.csv;review-resolution-contracts.md
organizations.save,Save<Organization>,Organization,DD-A02,mock-service,D01; input constraints in the corresponding DD; expectedVersion required for updates,"D04: call writes.getResult with the key, then retry the same intent",admin:asset.write,write,service-contracts.ts;deterministic-contracts.md;strict-review-contracts.md;write-version-catalog.csv;review-resolution-contracts.md
parts.list,Query,Page<PartCatalogItem>,DD-T14,mock-service,D01; input constraints in the corresponding DD; scope-bound snapshot,"D04: retry only UNAVAILABLE, at most twice",technician:assigned | admin:job.read,read,service-contracts.ts;deterministic-contracts.md;strict-review-contracts.md;write-version-catalog.csv;review-resolution-contracts.md
payments.confirm,{paymentId:ID;paymentReference:string;confirmedAmountMinor:number;currency:Currency;reason:string},Payment,DD-A08,mock-service,D01; input constraints in the corresponding DD; expectedVersion required for updates,"D04: call writes.getResult with the key, then retry the same intent",admin:billing.payment,write,service-contracts.ts;deterministic-contracts.md;strict-review-contracts.md;write-version-catalog.csv;review-resolution-contracts.md
payments.recordManual,{invoiceId:ID;paymentReference:string;confirmedAmountMinor:number;currency:Currency;reason:string},Payment,DD-A08,mock-service,D01; input constraints in the corresponding DD; expectedVersion required for updates,"D04: call writes.getResult with the key, then retry the same intent",admin:billing.payment,write,service-contracts.ts;deterministic-contracts.md;strict-review-contracts.md;write-version-catalog.csv;review-resolution-contracts.md
payments.simulate,{event:'initiate';invoiceId:ID;method:PaymentMethod;demoConfirmed:true}|{event:'instructions';invoiceId:ID;demoConfirmed:true}|{event:'processing'|'confirm'|'fail';paymentId:ID;eventId:ID;paymentReference:string},Payment|NotificationPreview,DD-C11,demo-only,D01; input constraints in the corresponding DD; expectedVersion required for updates; IR59 single path for customer processing/confirm/fail; IR60 demo-only,"D04: call writes.getResult with the key, then retry the same intent",client:self:demo-event-only,write,service-contracts.ts;deterministic-contracts.md;strict-review-contracts.md;write-version-catalog.csv;review-resolution-contracts.md
payouts.generate,{period:string},PayoutStatement[],DD-A23,mock-service,D01; input constraints in the corresponding DD; expectedVersion required for updates; IR111 period YYYY-MM already ended; approved or paid statements are untouched,"D04: call writes.getResult with the key, then retry the same intent",admin:billing.payment,write,service-contracts.ts;deterministic-contracts.md;strict-review-contracts.md;write-version-catalog.csv;review-resolution-contracts.md
payouts.get,{id:ID},PayoutStatement,DD-A23;DD-P10,mock-service,D01; input constraints in the corresponding DD; scope-bound snapshot,"D04: retry only UNAVAILABLE, at most twice",admin:billing.read | contractor:own-company:approved-or-paid,read,service-contracts.ts;deterministic-contracts.md;strict-review-contracts.md;write-version-catalog.csv;review-resolution-contracts.md
payouts.list,Query,Page<PayoutStatement>,DD-A23;DD-P10,mock-service,D01; input constraints in the corresponding DD; scope-bound snapshot,"D04: retry only UNAVAILABLE, at most twice",admin:billing.read | contractor:own-company:approved-or-paid,read,service-contracts.ts;deterministic-contracts.md;strict-review-contracts.md;write-version-catalog.csv;review-resolution-contracts.md
payouts.query,{statementId:ID;lineId:ID;topic:PayoutQuestion['topic'];message:string},PayoutStatement,DD-P10,mock-service,D01; input constraints in the corresponding DD; expectedVersion required for updates; IR111 message 1–2000; adds a job history note,"D04: call writes.getResult with the key, then retry the same intent",contractor:own-company:approved,write,service-contracts.ts;deterministic-contracts.md;strict-review-contracts.md;write-version-catalog.csv;review-resolution-contracts.md
payouts.resolveQuery,{statementId:ID;queryId:ID;reply:string;adjustmentMinor?:number},PayoutStatement,DD-A23,mock-service,D01; input constraints in the corresponding DD; expectedVersion required for updates; IR111 reply 1–2000; an adjustment goes on the next statement,"D04: call writes.getResult with the key, then retry the same intent",admin:billing.payment,write,service-contracts.ts;deterministic-contracts.md;strict-review-contracts.md;write-version-catalog.csv;review-resolution-contracts.md
payouts.transition,{statementId:ID;action:'approve'|'mark_paid';reason?:string},PayoutStatement,DD-A23,mock-service,D01; input constraints in the corresponding DD; expectedVersion required for updates; IR111 draft→approved; approved→paid only on or after payDate,"D04: call writes.getResult with the key, then retry the same intent",admin:billing.payment,write,service-contracts.ts;deterministic-contracts.md;strict-review-contracts.md;write-version-catalog.csv;review-resolution-contracts.md
plans.generateNext,{id:ID;occurrenceDate:Instant},MaintenanceJob,DD-A06,mock-service,D01; input constraints in the corresponding DD; expectedVersion required for updates,"D04: call writes.getResult with the key, then retry the same intent",admin:job.write,write,service-contracts.ts;deterministic-contracts.md;strict-review-contracts.md;write-version-catalog.csv;review-resolution-contracts.md
plans.get,{id:ID},MaintenancePlan,DD-A06,mock-service,D01/D16,"D04: retry only UNAVAILABLE, at most twice",admin:job.read,read,service-contracts.ts;deterministic-contracts.md;strict-review-contracts.md;write-version-catalog.csv;review-resolution-contracts.md
plans.list,Query,Page<MaintenancePlan>,DD-A06,mock-service,D01/D16,"D04: retry only UNAVAILABLE, at most twice",admin:job.read,read,service-contracts.ts;deterministic-contracts.md;strict-review-contracts.md;write-version-catalog.csv;review-resolution-contracts.md
plans.save,"{id?:ID;unitId:ID;recurrence:MaintenancePlan[""recurrence""];nextDueAt:Instant}",MaintenancePlan,DD-A06,mock-service,D01; input constraints in the corresponding DD; expectedVersion required for updates,"D04: call writes.getResult with the key, then retry the same intent",admin:job.write,write,service-contracts.ts;deterministic-contracts.md;strict-review-contracts.md;write-version-catalog.csv;review-resolution-contracts.md
policies.delete,{policyId:ID},DeletedResource,DD-C15;DD-A05;DD-A11,mock-service,D01; input constraints in the corresponding DD; expectedVersion required for updates; IR108 detaches the policy from every unit first; default_alert cannot be deleted (VALIDATION),"D04: call writes.getResult with the key, then retry the same intent",client:self-customer:kind=alert | admin:alert.policy.write:kind=alert | admin:automation.policy.write:kind=automation,write,service-contracts.ts;deterministic-contracts.md;strict-review-contracts.md;write-version-catalog.csv;review-resolution-contracts.md
policies.get,{policyId:ID},Policy,DD-A05;DD-A11;DD-A12;DD-C15,mock-service,D01; input constraints in the corresponding DD; scope-bound snapshot,"D04: retry only UNAVAILABLE, at most twice",client:self-customer:kind=alert-or-default_alert | admin:alert.policy.read:kind=alert-or-default_alert | admin:automation.policy.read:kind=automation,read,service-contracts.ts;deterministic-contracts.md;strict-review-contracts.md;write-version-catalog.csv;review-resolution-contracts.md
policies.list,Query,Page<Policy>,DD-A05;DD-A11;DD-A12;DD-C15;DD-C03;DD-A02,mock-service,D01; input constraints in the corresponding DD; scope-bound snapshot,"D04: retry only UNAVAILABLE, at most twice",client:self-customer:kind=alert-or-default_alert | admin:alert.policy.read:kind=alert-or-default_alert | admin:automation.policy.read:kind=automation,read,service-contracts.ts;deterministic-contracts.md;strict-review-contracts.md;write-version-catalog.csv;review-resolution-contracts.md
policies.save,PolicyInput,Policy,DD-A05;DD-A11;DD-A12;DD-C15,mock-service,D01; input constraints in the corresponding DD; expectedVersion required for updates; IR120 default_alert limits HQ-only,"D04: call writes.getResult with the key, then retry the same intent",client:self-customer:kind=alert | admin:alert.policy.write:kind=alert-or-default_alert | admin:automation.policy.write:kind=automation,write,service-contracts.ts;deterministic-contracts.md;strict-review-contracts.md;write-version-catalog.csv;review-resolution-contracts.md
policies.setDefaultRule,{policyId:ID;ruleKey:ID;customerId:ID;enabled:boolean;reason?:string},DefaultRuleSetting,DD-C15;DD-A05,mock-service,D01; input constraints in the corresponding DD; expectedVersion required for updates; IR108 toggles one default rule for one customer; limits stay HQ-only,"D04: call writes.getResult with the key, then retry the same intent",client:self-customer:owner | admin:alert.policy.write,write,service-contracts.ts;deterministic-contracts.md;strict-review-contracts.md;write-version-catalog.csv;review-resolution-contracts.md
preferences.get,"Record<string,never>",Preferences,DDC-07,local-preference,D01; input constraints in the corresponding DD; scope-bound snapshot,"D04: retry only UNAVAILABLE, at most twice",authenticated:own-session,read,service-contracts.ts;deterministic-contracts.md;strict-review-contracts.md;write-version-catalog.csv;review-resolution-contracts.md
preferences.update,{locale:Locale;timezone:string;monthlyReportEmail?:boolean},Preferences,DDC-07,local-preference,D01; input constraints in the corresponding DD; expectedVersion required for updates; IR112 monthlyReportEmail only for client sessions,"D04: call writes.getResult with the key, then retry the same intent",authenticated:own-session,write,service-contracts.ts;deterministic-contracts.md;strict-review-contracts.md;write-version-catalog.csv;review-resolution-contracts.md
properties.archive,{id:ID;reason:string},ArchivedResource,DD-A02,mock-service,D01; input constraints in the corresponding DD; expectedVersion required for updates,"D04: call writes.getResult with the key, then retry the same intent",admin:asset.write,write,service-contracts.ts;deterministic-contracts.md;strict-review-contracts.md;write-version-catalog.csv;review-resolution-contracts.md
properties.list,Query,Page<Property>,DD-A02;DD-C02;DD-C07,mock-service,D01; input constraints in the corresponding DD; scope-bound snapshot,"D04: retry only UNAVAILABLE, at most twice",client:self-customer | admin:asset.read,read,service-contracts.ts;deterministic-contracts.md;strict-review-contracts.md;write-version-catalog.csv;review-resolution-contracts.md
properties.save,{id?:ID;customerOrgId:ID;kind:'home'|'office';name:string;address:string|null;accessInstructions:string|null},Property,DD-A02,mock-service,D01; input constraints in the corresponding DD; expectedVersion required for updates,"D04: call writes.getResult with the key, then retry the same intent",admin:asset.write,write,service-contracts.ts;deterministic-contracts.md;strict-review-contracts.md;write-version-catalog.csv;review-resolution-contracts.md
rateCards.list,Query,Page<RateCard>,DD-A21;DD-A23;DD-P10,mock-service,D01; input constraints in the corresponding DD; scope-bound snapshot,"D04: retry only UNAVAILABLE, at most twice",admin:job.read | admin:billing.read | contractor:own-company,read,service-contracts.ts;deterministic-contracts.md;strict-review-contracts.md;write-version-catalog.csv;review-resolution-contracts.md
rateCards.save,{contractorOrgId:ID;effectiveFrom:Instant;currency:Currency;lines:RateCard['lines']},RateCard,DD-A21,mock-service,D01; input constraints in the corresponding DD; expectedVersion required for updates; IR111 effectiveFrom in the future; creates a new version,"D04: call writes.getResult with the key, then retry the same intent",admin:job.write,write,service-contracts.ts;deterministic-contracts.md;strict-review-contracts.md;write-version-catalog.csv;review-resolution-contracts.md
reports.get,{jobId:ID;reportId:ID;reportVersion:number},WorkReport,DD-A06;DD-C09;DD-P05;DD-T04;DD-T05;DD-T06;DD-T08;DD-T09;DD-T15,mock-service,D01; input constraints in the corresponding DD; scope-bound snapshot,"D04: retry only UNAVAILABLE, at most twice",client:accepted-report-only | contractor:partner.review:submitted | technician:assigned-valid-job | admin:job.read,read,service-contracts.ts;deterministic-contracts.md;strict-review-contracts.md;write-version-catalog.csv;review-resolution-contracts.md
reports.signOff,{jobId:ID;reportId:ID;reportVersion:number;signerName:string;signature:BlobInput|null;absentReason?:string;sitePhoto?:BlobInput},WorkReport,DD-T15,mock-service,D01; input constraints in the corresponding DD; expectedVersion required for updates; IR111 signer 1–120; either signature or absentReason with sitePhoto,"D04: call writes.getResult with the key, then retry the same intent",technician:assigned-valid-job,write,service-contracts.ts;deterministic-contracts.md;strict-review-contracts.md;write-version-catalog.csv;review-resolution-contracts.md
restrictions.cancel,{restrictionId:ID;reason:string},Restriction,DD-A10,mock-service,D01; input constraints in the corresponding DD; expectedVersion required for updates; IR87 reason 1-1000; IR96 state table; requested/applied to release_requested with releaseIntent=cancel,"D04: call writes.getResult with the key, then retry the same intent",admin:restriction.write,write,service-contracts.ts;deterministic-contracts.md;strict-review-contracts.md;write-version-catalog.csv;review-resolution-contracts.md
restrictions.defer,{restrictionId:ID;until:Instant;reason:string},Restriction,DD-A10,mock-service,D01; input constraints in the corresponding DD; expectedVersion required for updates; IR87 reason 1-1000,"D04: call writes.getResult with the key, then retry the same intent",admin:restriction.write,write,service-contracts.ts;deterministic-contracts.md;strict-review-contracts.md;write-version-catalog.csv;review-resolution-contracts.md
restrictions.execute,{restrictionId:ID;confirmedRulesVersion:ID},Restriction,DD-A09,mock-service,D01; input constraints in the corresponding DD; expectedVersion required for updates; IR90 device operation running: not_sent intent,"D04: call writes.getResult with the key, then retry the same intent",admin:restriction.write,write,service-contracts.ts;deterministic-contracts.md;strict-review-contracts.md;write-version-catalog.csv;review-resolution-contracts.md
restrictions.exempt,{restrictionId:ID;until:Instant;reason:string},Restriction,DD-A10,mock-service,D01; input constraints in the corresponding DD; expectedVersion required for updates; IR87 reason 1-1000,"D04: call writes.getResult with the key, then retry the same intent",admin:restriction.write,write,service-contracts.ts;deterministic-contracts.md;strict-review-contracts.md;write-version-catalog.csv;review-resolution-contracts.md
restrictions.forInvoice,{invoiceId:ID;query:Query},Page<RestrictionDetail>,DD-C12,mock-service,D01; input constraints in the corresponding DD; scope-bound snapshot,"D04: retry only UNAVAILABLE, at most twice",client:self | admin:restriction.read; IR19:all-target-units-required,read,service-contracts.ts;deterministic-contracts.md;strict-review-contracts.md;write-version-catalog.csv;review-resolution-contracts.md
restrictions.get,{id:ID},RestrictionRead,DD-A09;DD-A10,mock-service,D01; input constraints in the corresponding DD; scope-bound snapshot,"D04: retry only UNAVAILABLE, at most twice",admin:restriction.read | admin:restriction.override:release-projection; IR19:all-target-units-required,read,service-contracts.ts;deterministic-contracts.md;strict-review-contracts.md;write-version-catalog.csv;review-resolution-contracts.md
restrictions.list,Query,Page<RestrictionRead>,DD-A09;DD-A10,mock-service,D01; input constraints in the corresponding DD; scope-bound snapshot,"D04: retry only UNAVAILABLE, at most twice",admin:restriction.read | admin:restriction.override:release-projection; IR19:all-target-units-required,read,service-contracts.ts;deterministic-contracts.md;strict-review-contracts.md;write-version-catalog.csv;review-resolution-contracts.md
restrictions.override,{restrictionId:ID;reason:string},RestrictionReleaseView,DD-A10,mock-service,D01; input constraints in the corresponding DD; expectedVersion required for updates; IR87 reason 1-1000,"D04: call writes.getResult with the key, then retry the same intent",admin:restriction.override,write,service-contracts.ts;deterministic-contracts.md;strict-review-contracts.md;write-version-catalog.csv;review-resolution-contracts.md
restrictions.reconcile,{restrictionId:ID;unitIds:ID[]},RestrictionRead,DD-A09;DD-A10,mock-service,D01; input constraints in the corresponding DD; expectedVersion required for updates; SR26 terminal recovery-case handling,"D04: call writes.getResult with the key, then retry the same intent",admin:restriction.write | admin:restriction.override:release-intent-or-terminal-recovery-only,write,service-contracts.ts;deterministic-contracts.md;strict-review-contracts.md;write-version-catalog.csv;review-resolution-contracts.md
restrictions.release,{restrictionId:ID},Restriction,DD-A09,mock-service,D01; input constraints in the corresponding DD; expectedVersion required for updates; IR35 idempotent when release_requested,"D04: call writes.getResult with the key, then retry the same intent",admin:restriction.write,write,service-contracts.ts;deterministic-contracts.md;strict-review-contracts.md;write-version-catalog.csv;review-resolution-contracts.md
restrictions.retry,{restrictionId:ID;unitIds:ID[];phase:'apply'|'release';confirmedRulesVersion:ID;reason:string},RestrictionRead,DD-A09;DD-A10,mock-service,D01; input constraints in the corresponding DD; expectedVersion required for updates,"D04: call writes.getResult with the key, then retry the same intent",admin:restriction.write | admin:restriction.override:phase=release:release-intent-or-terminal-recovery-only,write,service-contracts.ts;deterministic-contracts.md;strict-review-contracts.md;write-version-catalog.csv;review-resolution-contracts.md
restrictions.schedule,{contractId:ID;expectedContractVersion:number;causeInvoiceIds:ID[];unitIds:ID[];policy:RestrictionPolicy;executeAfter:Instant;reason:string;rulesVersion:ID},Restriction,DD-A09,mock-service,D01; input constraints in the corresponding DD; expectedVersion required for updates,"D04: call writes.getResult with the key, then retry the same intent",admin:restriction.write,write,service-contracts.ts;deterministic-contracts.md;strict-review-contracts.md;write-version-catalog.csv;review-resolution-contracts.md
session.get,"Record<string,never>",Session,DD-P08,mock-service,D01; input constraints in the corresponding DD; scope-bound snapshot,"D04: retry only UNAVAILABLE, at most twice",authenticated:own-session,read,service-contracts.ts;deterministic-contracts.md;strict-review-contracts.md;write-version-catalog.csv;review-resolution-contracts.md
sla.saveTargets,{planType:Contract['planType'];responseHours:number;arrivalInWindowPercent:number;firstTimeFixPercent:number;effectiveFrom:Instant},SlaTargets,DD-A22,mock-service,D01; input constraints in the corresponding DD; expectedVersion required for updates; IR111 percentages 0–100; responseHours 1–168; applies to jobs created after effectiveFrom,"D04: call writes.getResult with the key, then retry the same intent",admin:job.write,write,service-contracts.ts;deterministic-contracts.md;strict-review-contracts.md;write-version-catalog.csv;review-resolution-contracts.md
sla.scorecard,{period:Range;contractorOrgId?:ID},SlaScorecard,DD-A22,mock-service,D01; input constraints in the corresponding DD; scope-bound snapshot,"D04: retry only UNAVAILABLE, at most twice",admin:job.read,read,service-contracts.ts;deterministic-contracts.md;strict-review-contracts.md;write-version-catalog.csv;review-resolution-contracts.md
spaces.archive,{id:ID;reason:string},ArchivedResource,DD-A02,mock-service,D01; input constraints in the corresponding DD; expectedVersion required for updates,"D04: call writes.getResult with the key, then retry the same intent",admin:asset.write,write,service-contracts.ts;deterministic-contracts.md;strict-review-contracts.md;write-version-catalog.csv;review-resolution-contracts.md
spaces.list,Query,Page<Space>,DD-A02;DD-C02;DD-C07,mock-service,D01; input constraints in the corresponding DD; scope-bound snapshot,"D04: retry only UNAVAILABLE, at most twice",client:self-customer | admin:asset.read,read,service-contracts.ts;deterministic-contracts.md;strict-review-contracts.md;write-version-catalog.csv;review-resolution-contracts.md
spaces.save,{id?:ID;propertyId:ID;parentSpaceId:ID|null;kind:Space['kind'];name:string},Space,DD-A02,mock-service,D01; input constraints in the corresponding DD; expectedVersion required for updates,"D04: call writes.getResult with the key, then retry the same intent",admin:asset.write,write,service-contracts.ts;deterministic-contracts.md;strict-review-contracts.md;write-version-catalog.csv;review-resolution-contracts.md
summaries.get,{kind:'customer'|'partner'|'technician';filters:Query['filters']},Summary,DD-C01;DD-C08;DD-P01;DD-T01,mock-service,D01; input constraints in the corresponding DD; scope-bound snapshot; IR49 technician future assignments counted; IR51 alertCount critical/warning,"D04: retry only UNAVAILABLE, at most twice",client:self | contractor:delegated | technician:assigned,read,service-contracts.ts;deterministic-contracts.md;strict-review-contracts.md;write-version-catalog.csv;review-resolution-contracts.md
telemetry.series,Range & {unitIds?:ID[];spaceId?:ID;metric:Metric;sensorId?:ID;query:Query},AirSeries,DD-C07;DD-T03;DD-A05;DD-A12,mock-service,D01; input constraints in the corresponding DD; scope-bound snapshot; IR98 allergenObservation source rows,"D04: retry only UNAVAILABLE, at most twice",client:self | contractor:accepted-valid-offer | technician:assigned | admin:dashboard.read | admin:automation.policy.read,read,service-contracts.ts;deterministic-contracts.md;strict-review-contracts.md;write-version-catalog.csv;review-resolution-contracts.md
telemetry.summary,Range & {unitIds:ID[];metric?:Metric},TelemetrySummary,DD-C01;DD-P04;DD-T03,mock-service,D01; input constraints in the corresponding DD; scope-bound snapshot,"D04: retry only UNAVAILABLE, at most twice",client:self | contractor:accepted-valid-offer | technician:assigned | admin:dashboard.read | admin:automation.policy.read,read,service-contracts.ts;deterministic-contracts.md;strict-review-contracts.md;write-version-catalog.csv;review-resolution-contracts.md
twoFactor.disable,{code:string},TwoFactorStatus,DDC-07,mock-service,D01; input constraints in the corresponding DD; expectedVersion required for updates; IR112 requires a current 6-digit code,"D04: call writes.getResult with the key, then retry the same intent",authenticated:own-session,write,service-contracts.ts;deterministic-contracts.md;strict-review-contracts.md;write-version-catalog.csv;review-resolution-contracts.md
twoFactor.enable,{code:string},TwoFactorStatus & {recoveryCodes:string[]},DDC-07,mock-service,D01; input constraints in the corresponding DD; expectedVersion required for updates; IR112 demo: any 6 digits; shows 8 recovery codes once,"D04: call writes.getResult with the key, then retry the same intent",authenticated:own-session,write,service-contracts.ts;deterministic-contracts.md;strict-review-contracts.md;write-version-catalog.csv;review-resolution-contracts.md
twoFactor.get,"Record<string,never>",TwoFactorStatus,DDC-07,mock-service,D01; input constraints in the corresponding DD; scope-bound snapshot,"D04: retry only UNAVAILABLE, at most twice",authenticated:own-session,read,service-contracts.ts;deterministic-contracts.md;strict-review-contracts.md;write-version-catalog.csv;review-resolution-contracts.md
units.archive,{id:ID;reason:string},ArchivedResource,DD-A02,mock-service,D01; input constraints in the corresponding DD; expectedVersion required for updates,"D04: call writes.getResult with the key, then retry the same intent",admin:asset.write,write,service-contracts.ts;deterministic-contracts.md;strict-review-contracts.md;write-version-catalog.csv;review-resolution-contracts.md
units.coverage,Query,Page<UnitCoverage>,DD-A19,mock-service,D01; input constraints in the corresponding DD; scope-bound snapshot,"D04: retry only UNAVAILABLE, at most twice",admin:asset.read | admin:contract.read,read,service-contracts.ts;deterministic-contracts.md;strict-review-contracts.md;write-version-catalog.csv;review-resolution-contracts.md
units.delete,{id:ID;reason:string},DeletedResource,DD-A02,mock-service,D01; input constraints in the corresponding DD; expectedVersion required for updates,"D04: call writes.getResult with the key, then retry the same intent",admin:asset.write,write,service-contracts.ts;deterministic-contracts.md;strict-review-contracts.md;write-version-catalog.csv;review-resolution-contracts.md
units.get,{id:ID;jobId?:ID},UnitDetail,DD-A02;DD-A12;DD-C03;DD-C07;DD-P04;DD-T02;DD-T10;DD-C04;DD-C05;DD-T04;DD-T05;DD-T06;DD-T08;DD-T09;DD-T11;DD-A04;DD-A09;DD-A11;DD-A05;DD-C14,mock-service,D01; input constraints in the corresponding DD; scope-bound snapshot; IR76 technician before work window: work-not-started state; IR213 latestMeasurements: latest reading per metric with read-time quality (stale past the sensor limit),"D04: retry only UNAVAILABLE, at most twice",client:self | contractor:accepted-valid-offer | technician:assigned | admin:dashboard.read | admin:asset.read | admin:control.execute:scope-candidate-read-only | admin:device.read:scope-candidate-read-only | admin:job.read:scope-candidate-read-only | admin:contract.read:scope-candidate-read-only | admin:restriction.read:scope-candidate-read-only | admin:automation.policy.read:scope-candidate-read-only | admin:alert.policy.read:scope-candidate-read-only | admin:energy.read:scope-candidate-read-only | admin:mrv.read:scope-candidate-read-only | admin:offset.read:scope-candidate-read-only,read,service-contracts.ts;deterministic-contracts.md;strict-review-contracts.md;write-version-catalog.csv;review-resolution-contracts.md
units.importCommit,{previewId:ID;customerId:ID},UnitImport,DD-A18,mock-service,"D01; input constraints in the corresponding DD; expectedVersion required for updates; IR111 preview must be unexpired and unchanged; imports ready and warning rows only, as one change set","D04: call writes.getResult with the key, then retry the same intent",admin:asset.write,write,service-contracts.ts;deterministic-contracts.md;strict-review-contracts.md;write-version-catalog.csv;review-resolution-contracts.md
units.importPreview,"{customerId:ID;fileName:string;csvText:string;mapping:Record<string,string>}",ImportPreview,DD-A18,mock-service,"D01; input constraints in the corresponding DD; scope-bound snapshot; IR111 CSV UTF-8, at most 1000 rows, 8 mapped columns; writes nothing","D04: retry only UNAVAILABLE, at most twice",admin:asset.write,read,service-contracts.ts;deterministic-contracts.md;strict-review-contracts.md;write-version-catalog.csv;review-resolution-contracts.md
units.importUndo,{importId:ID;reason:string},UnitImport,DD-A18,mock-service,D01; input constraints in the corresponding DD; expectedVersion required for updates; IR111 only within undoUntil (24 h) and while no created unit has telemetry or jobs,"D04: call writes.getResult with the key, then retry the same intent",admin:asset.write,write,service-contracts.ts;deterministic-contracts.md;strict-review-contracts.md;write-version-catalog.csv;review-resolution-contracts.md
units.list,Query,Page<UnitSummary>,DD-A02;DD-C01;DD-C02;DD-C04;DD-C05;DD-C06;DD-C07;DD-C09;DD-C13;DD-T11;DD-A04;DD-A06;DD-A07;DD-A09;DD-A11;DD-A12;DD-A13;DD-A14;DD-A15;DD-A05;DD-C14;DD-C15,mock-service,D01; input constraints in the corresponding DD; scope-bound snapshot; IR62 unassignedOnly; IR213 latestMeasurements: latest reading per metric with read-time quality; [] before an external technician's work window,"D04: retry only UNAVAILABLE, at most twice",client:self | contractor:accepted-valid-offer | technician:assigned | admin:dashboard.read | admin:asset.read | admin:control.execute:scope-candidate-read-only | admin:device.read:scope-candidate-read-only | admin:job.read:scope-candidate-read-only | admin:contract.read:scope-candidate-read-only | admin:restriction.read:scope-candidate-read-only | admin:automation.policy.read:scope-candidate-read-only | admin:alert.policy.read:scope-candidate-read-only | admin:energy.read:scope-candidate-read-only | admin:mrv.read:scope-candidate-read-only | admin:offset.read:scope-candidate-read-only,read,service-contracts.ts;deterministic-contracts.md;strict-review-contracts.md;write-version-catalog.csv;review-resolution-contracts.md
units.resolveQr,{code:string},QrResolution,DD-T13,mock-service,D01; input constraints in the corresponding DD; scope-bound snapshot,"D04: retry only UNAVAILABLE, at most twice",technician:assigned,read,service-contracts.ts;deterministic-contracts.md;strict-review-contracts.md;write-version-catalog.csv;review-resolution-contracts.md
units.save,{id?:ID;customerOrgId:ID;propertyId:ID;spaceId:ID|null;displayName:string;modelId:ID;type:'split';installedAt:Instant|null;warrantyEndsAt?:Instant|null;serviceScope:ACUnit['serviceScope'];changeReason?:string},ACUnit,DD-A02,mock-service,D01; input constraints in the corresponding DD; expectedVersion required for updates; IR62 spaceId=null is property root; IR74 no tenantId input,"D04: call writes.getResult with the key, then retry the same intent",admin:asset.write,write,service-contracts.ts;deterministic-contracts.md;strict-review-contracts.md;write-version-catalog.csv;review-resolution-contracts.md
units.setAlertPolicies,{unitId:ID;alertPolicyIds:ID[]},ACUnit,DD-C03;DD-C15;DD-A02;DD-A05,mock-service,D01; input constraints in the corresponding DD; expectedVersion required for updates; IR108 only policies of the unit customer; the default policy is implicit and cannot be listed or removed,"D04: call writes.getResult with the key, then retry the same intent",client:self-customer:own-customer-policies | admin:asset.write | admin:alert.policy.write,write,service-contracts.ts;deterministic-contracts.md;strict-review-contracts.md;write-version-catalog.csv;review-resolution-contracts.md
ventilation.list,Query,Page<VentilationLog>,DD-C07,mock-service,D01; input constraints in the corresponding DD; scope-bound snapshot,"D04: retry only UNAVAILABLE, at most twice",client:self | technician:assigned | admin:alert.read,read,service-contracts.ts;deterministic-contracts.md;strict-review-contracts.md;write-version-catalog.csv;review-resolution-contracts.md
ventilation.log,{spaceId:ID;unitId?:ID;method:VentilationLog['method'];durationMinutes:number},VentilationLog,DD-C07,mock-service,"D01; input constraints in the corresponding DD; expectedVersion required for updates; IR110 manual record only; never creates a Command; duration 1–240 minutes; IR213 co2AtLog: latest CO₂ reading when valid at logging time, never an older one","D04: call writes.getResult with the key, then retry the same intent",client:self,write,service-contracts.ts;deterministic-contracts.md;strict-review-contracts.md;write-version-catalog.csv;review-resolution-contracts.md
voice.resolveIntent,{text:string;locale:Locale;selectedUnitId?:ID},ResolvedIntent,DDC-07,mock-service,D01; input constraints in the corresponding DD; scope-bound snapshot; IR65 regex grammar and Space.name matching,"D04: retry only UNAVAILABLE, at most twice",client:control.execute | technician:control.diagnose | admin:control.execute,read,service-contracts.ts;deterministic-contracts.md;strict-review-contracts.md;write-version-catalog.csv;review-resolution-contracts.md
writes.getResult,{operation:string;idempotencyKey:ID},WriteResult,DDC-03,mock-service,D01; input constraints in the corresponding DD; scope-bound snapshot,"D04: retry only UNAVAILABLE, at most twice",authenticated:original-user-and-current-target-scope,read,service-contracts.ts;deterministic-contracts.md;strict-review-contracts.md;write-version-catalog.csv;review-resolution-contracts.md
