operation,allowed_filters,allowed_sort,default_sort,enum_source,cursor,filter_mapping,sort_mapping
alerts.list,"unitId,unitIds,severity,status,from,to,customerId,propertyId","id,createdAt,updatedAt,severity",severity desc;id asc,Referenced model enum from filter_mapping. from/to is a half-open interval. D12/D15,SR14: generation/scope/query/snapshotVersion/offset; immutable until reset,"unitId => unitId; unitIds => unitIds; severity => severity; status => status; from/to => [from,to) on observedAt; SR06 derived filter definitions","severity asc=normal,warning,critical; desc reverses this; other keys use matching DTO fields"
audit.list,"actorId,targetId,from,to,result,correlationId","id,createdAt,updatedAt",id asc,Referenced model enum from filter_mapping. from/to is a half-open interval. D12/D15,SR14: generation/scope/query/snapshotVersion/offset; immutable until reset,"actorId => actorId; targetId => targetRef.id; result => result; correlationId => correlationId; from/to => [from,to) on occurredAt","Matching DTO fields. Capacity.id=membershipId, JobOffer.id=jobId."
automations.list,"unitId,enabled,kind","id,createdAt,updatedAt",id asc,Referenced model enum from filter_mapping. from/to is a half-open interval. D12/D15,SR14: generation/scope/query/snapshotVersion/offset; immutable until reset,unitId => unitIds contains; enabled => enabled; kind => kind,"Matching DTO fields. Capacity.id=membershipId, JobOffer.id=jobId."
baselines.list,"unitId,unitIds,from,to,customerId,propertyId","id,createdAt,updatedAt",id asc,Referenced model enum from filter_mapping. from/to is a half-open interval. D12/D15,SR14: generation/scope/query/snapshotVersion/offset; immutable until reset,"unitId => unitIds contains; unitIds => unitIds intersection nonempty; from/to => [from,to) on period.from; customerId => any of unitIds belongs to the customer; propertyId => any of unitIds is in the property","Matching DTO fields. Capacity.id=membershipId, JobOffer.id=jobId."
capabilities.list,,"id,createdAt,updatedAt",id asc,Referenced model enum from filter_mapping. from/to is a half-open interval. D12/D15,SR14: generation/scope/query/snapshotVersion/offset; immutable until reset,none,"Matching DTO fields. Capacity.id=membershipId, JobOffer.id=jobId."
contracts.list,"customerId,unitId,kind","id,createdAt,updatedAt",id asc,Referenced model enum from filter_mapping. from/to is a half-open interval. D12/D15,SR14: generation/scope/query/snapshotVersion/offset; immutable until reset,customerId => customerId; unitId => unitIds contains; kind => planType,"Matching DTO fields. Capacity.id=membershipId, JobOffer.id=jobId."
customers.list,"kind,status,organizationId","id,createdAt,updatedAt",id asc,Referenced model enum from filter_mapping. from/to is a half-open interval. D12/D15,SR14: generation/scope/query/snapshotVersion/offset; immutable until reset,kind => serviceProfile; status => status; organizationId => organizationId,"Matching DTO fields. Capacity.id=membershipId, JobOffer.id=jobId."
devices.events,"from,to","id,createdAt,updatedAt",id asc,Referenced model enum from filter_mapping. from/to is a half-open interval. D12/D15,SR14: generation/scope/query/snapshotVersion/offset; immutable until reset,"from/to => [from,to) on occurredAt","Matching DTO fields. Capacity.id=membershipId, JobOffer.id=jobId."
devices.list,"unitId,status","id,createdAt,updatedAt",id asc,Referenced model enum from filter_mapping. from/to is a half-open interval. D12/D15,SR14: generation/scope/query/snapshotVersion/offset; immutable until reset,unitId => unitId; status => connection,"Matching DTO fields. Capacity.id=membershipId, JobOffer.id=jobId."
factors.list,,"id,createdAt,updatedAt",id asc,Referenced model enum from filter_mapping. from/to is a half-open interval. D12/D15,SR14: generation/scope/query/snapshotVersion/offset; immutable until reset,none,"Matching DTO fields. Capacity.id=membershipId, JobOffer.id=jobId."
inquiries.list,"invoiceId,restrictionId,status","id,createdAt,updatedAt",id asc,Referenced model enum from filter_mapping. from/to is a half-open interval. D12/D15,SR14: generation/scope/query/snapshotVersion/offset; immutable until reset,invoiceId => invoiceId; restrictionId => restrictionId; status => state,"Matching DTO fields. Capacity.id=membershipId, JobOffer.id=jobId."
invoices.list,"contractId,status,from,to,customerId,propertyId,overdueOnly","id,createdAt,updatedAt",id asc,Referenced model enum from filter_mapping. from/to is a half-open interval. D12/D15,SR14: generation/scope/query/snapshotVersion/offset; immutable until reset,"contractId => contractId; status => status; from/to => [from,to) on period.from; SR06 derived filter definitions","Matching DTO fields. Capacity.id=membershipId, JobOffer.id=jobId."
jobs.events,"from,to","id,occurredAt",occurredAt asc;id asc,Referenced model enum from filter_mapping. from/to is a half-open interval. D12/D15,SR14: generation/scope/query/snapshotVersion/offset; immutable until reset,"from/to => [from,to) on occurredAt","Matching DTO fields. Capacity.id=membershipId, JobOffer.id=jobId."
jobs.list,"unitId,unitIds,status,severity,from,to,organizationId,membershipId,customerId,propertyId,statuses,overdueOnly,origin,proposalPending","id,severity,dueAt,status",status asc;id asc,Referenced model enum from filter_mapping. from/to is a half-open interval. D12/D15,SR14: generation/scope/query/snapshotVersion/offset; immutable until reset,IR23: projection first; summary uses published fields and authorized joins; offer uses public status/requestedSlot/dueAt; history uses frozen status/completedAt; hidden filters never match; IR32 unitIds: public summary.unitId membership; empty zero; offer/history never match; IR113 origin=MaintenanceJob.origin; proposalPending=slotProposal.status pending (displayStatus time_proposed),IR23: severity normal<warning<critical; null last in both directions; stable id/jobId asc; no hidden Job fields; IR34 status rank: requested<offered<accepted<assigned<in_progress<on_hold<submitted<rework_requested<completed<cancelled; desc reverses rank only; tie id/jobId asc
members.capacity,"organizationId,qualification,activeOnly",id,id asc,Referenced model enum from filter_mapping. from/to is a half-open interval. D12/D15,SR14: generation/scope/query/snapshotVersion/offset; immutable until reset,organizationId => Membership.organizationId; qualification => matching valid Membership.qualifications[].code (SR13); activeOnly => true => validFrom<=now<validUntil (null end infinite); false => no validity filter; IR94: eligible/capacity return role=technician only; contractor members.list returns own-company technicians only,"Matching DTO fields. Capacity.id=membershipId, JobOffer.id=jobId."
members.eligible,"organizationId,qualification,activeOnly","id,createdAt,updatedAt",id asc,Referenced model enum from filter_mapping. from/to is a half-open interval. D12/D15,SR14: generation/scope/query/snapshotVersion/offset; immutable until reset,organizationId => Membership.organizationId; qualification => matching valid Membership.qualifications[].code (SR13); activeOnly => true => validFrom<=now<validUntil (null end infinite); false => no validity filter; IR94: eligible/capacity return role=technician only; contractor members.list returns own-company technicians only,"Matching DTO fields. Capacity.id=membershipId, JobOffer.id=jobId."
members.list,"organizationId,qualification,activeOnly","id,createdAt,updatedAt",id asc,Referenced model enum from filter_mapping. from/to is a half-open interval. D12/D15,SR14: generation/scope/query/snapshotVersion/offset; immutable until reset,organizationId => Membership.organizationId; qualification => matching valid Membership.qualifications[].code (SR13); activeOnly => true => validFrom<=now<validUntil (null end infinite); false => no validity filter; IR94: eligible/capacity return role=technician only; contractor members.list returns own-company technicians only,"Matching DTO fields. Capacity.id=membershipId, JobOffer.id=jobId."
mrv.list,"unitId,from,to,status,organizationId","id,createdAt,updatedAt",id asc,Referenced model enum from filter_mapping. from/to is a half-open interval. D12/D15,SR14: generation/scope/query/snapshotVersion/offset; immutable until reset,"unitId => conditions.unitIds contains; status => status; from/to => [from,to) on conditions.from; organizationId => conditions.organizationId","Matching DTO fields. Capacity.id=membershipId, JobOffer.id=jobId."
notifications.list,"unreadOnly,severity,from,to","id,createdAt,updatedAt,severity,occurredAt",severity desc;occurredAt desc;id asc,Referenced model enum from filter_mapping. from/to is a half-open interval. D12/D15,SR14: generation/scope/query/snapshotVersion/offset; immutable until reset,"unreadOnly => true => readAt=null; false => no read filter; severity => severity; from/to => [from,to) on occurredAt","severity asc=normal,warning,critical; desc reverses this; other keys use matching DTO fields"
notifications.recipients,,id,id asc,Role comes from input.role; filters not allowed,SR14: generation/scope/query/snapshotVersion/offset; immutable until reset,none,id=Membership.id
offsets.list,"customerId,status,from,to","id,createdAt,updatedAt",id asc,Referenced model enum from filter_mapping. from/to is a half-open interval. D12/D15,SR14: generation/scope/query/snapshotVersion/offset; immutable until reset,"customerId => OffsetQuote.customerId via quoteId; status => state; from/to => [from,to) on createdAt","Matching DTO fields. Capacity.id=membershipId, JobOffer.id=jobId."
organizations.list,"kind,status","id,createdAt,updatedAt",id asc,Referenced model enum from filter_mapping. from/to is a half-open interval. D12/D15,SR14: generation/scope/query/snapshotVersion/offset; immutable until reset,kind => kind; status => status,"Matching DTO fields. Capacity.id=membershipId, JobOffer.id=jobId."
plans.list,"unitId,customerId,propertyId","id,createdAt,updatedAt",id asc,Exact unitId match,SR14: generation/scope/query/snapshotVersion/offset; immutable until reset,unitId => unitId; customerId => unit belongs to the customer; propertyId => unit is in the property,Matching DTO fields
policies.list,"unitId,customerId,propertyId,kind,enabled","id,createdAt,updatedAt",id asc,Referenced model enum from filter_mapping. from/to is a half-open interval. D12/D15,SR14: generation/scope/query/snapshotVersion/offset; immutable until reset,unitId => alert kind: id in ACUnit.alertPolicyIds of that unit plus the default policy; automation kind: unitIds contains; customerId => alert kind: Policy.customerId (default policy always included); automation kind: any of unitIds belongs to the customer; propertyId => attached or target units in the property; kind => kind; enabled => enabled,"Matching DTO fields. Capacity.id=membershipId, JobOffer.id=jobId."
properties.list,"customerId,kind","id,createdAt,updatedAt",id asc,Referenced model enum from filter_mapping. from/to is a half-open interval. D12/D15,SR14: generation/scope/query/snapshotVersion/offset; immutable until reset,customerId => Customer.organizationId = Property.customerOrgId; kind => kind,"Matching DTO fields. Capacity.id=membershipId, JobOffer.id=jobId."
restrictions.forInvoice,"invoiceId,contractId,status","id,createdAt,updatedAt",id asc,Referenced model enum from filter_mapping. from/to is a half-open interval. D12/D15,SR14: generation/scope/query/snapshotVersion/offset; immutable until reset,invoiceId => causeInvoiceIds contains AND input.invoiceId; contractId => contractId; status => state,"Matching DTO fields. Capacity.id=membershipId, JobOffer.id=jobId."
restrictions.list,"invoiceId,contractId,status","id,createdAt,updatedAt",id asc,Referenced model enum from filter_mapping. from/to is a half-open interval. D12/D15,SR14: generation/scope/query/snapshotVersion/offset; immutable until reset,invoiceId => causeInvoiceIds contains; contractId => contractId; status => state; IR03 override-only: status only; invoiceId/contractId forbidden before filtering,"Matching DTO fields. Capacity.id=membershipId, JobOffer.id=jobId."
spaces.list,"propertyId,kind","id,createdAt,updatedAt",id asc,Referenced model enum from filter_mapping. from/to is a half-open interval. D12/D15,SR14: generation/scope/query/snapshotVersion/offset; immutable until reset,propertyId => propertyId; kind => kind,"Matching DTO fields. Capacity.id=membershipId, JobOffer.id=jobId."
summaries.get,"customerId,propertyId,unitId,unitIds,from,to,status,statuses,severity,overdueOnly",,not_applicable,Referenced model enum from filter_mapping. from/to is a half-open interval. D12/D15,SR14: generation/scope/query/snapshotVersion/offset; immutable until reset,"customerId => customerId; propertyId => propertyId; unitId => unitId; unitIds => unitIds; from/to => [from,to) on D14: jobs requestedSlot.startAt; energy slot; assets snapshot; IR26: partner/technician job filters use IR23 projection; customer rejects job filters","Matching DTO fields. Capacity.id=membershipId, JobOffer.id=jobId."
telemetry.series,,observedAt,observedAt asc;sensorId asc;id asc,Referenced model enum from filter_mapping. from/to is a half-open interval. D12/D15,SR14: generation/scope/query/snapshotVersion/offset; immutable until reset,none,"Matching DTO fields. Capacity.id=membershipId, JobOffer.id=jobId."
units.list,"customerId,propertyId,status,spaceId,includeDescendants,connections,powerState,unitIds,organizationId,unassignedOnly","id,createdAt,updatedAt",id asc,Referenced model enum from filter_mapping. from/to is a half-open interval. D12/D15,SR14: generation/scope/query/snapshotVersion/offset; immutable until reset,customerId => Customer.organizationId = ACUnit.customerOrgId; propertyId => propertyId; status => connection; SR06 derived filter definitions; unitIds => id in unitIds (empty array returns zero); organizationId => ACUnit.customerOrgId; powerState => SR27 effectivePowerState (not observedState.power); unassignedOnly => true => spaceId=null (combined with spaceId is VALIDATION); false => no filter (IR62),"Matching DTO fields. Capacity.id=membershipId, JobOffer.id=jobId."
devices.calibrations,,"id,createdAt",createdAt asc;id asc,SR08/SR09,SR14: generation/scope/query/snapshotVersion/offset; immutable until reset,none,Matching DTO fields
devices.operations,,"id,createdAt",createdAt asc;id asc,SR08/SR09,SR14: generation/scope/query/snapshotVersion/offset; immutable until reset,none,Matching DTO fields
diagnosticRuns.list,,"id,createdAt",createdAt asc;id asc,SR08/SR09,SR14: generation/scope/query/snapshotVersion/offset; immutable until reset,none,Matching DTO fields
mrv.versions,,version,version asc,SR08/SR09,SR14: generation/scope/query/snapshotVersion/offset; immutable until reset,none,version asc/desc; version is unique within the same reportId
ventilation.list,"spaceId,unitId,from,to","id,createdAt",createdAt desc;id asc,Referenced model enum from filter_mapping. from/to is a half-open interval. D12/D15,SR14: generation/scope/query/snapshotVersion/offset; immutable until reset,"spaceId => spaceId; unitId => unitId; from/to => [from,to) on loggedAt",Matching DTO fields
clientUsers.list,"customerId,status,search","id,name,createdAt,updatedAt",name asc;id asc,Referenced model enum from filter_mapping. from/to is a half-open interval. D12/D15,SR14: generation/scope/query/snapshotVersion/offset; immutable until reset,customerId => customerId; status => status; search => email or displayName contains (case-insensitive),Matching DTO fields
units.coverage,"customerId,coverage,expiringWithinDays,search","id,name,dueAt",dueAt asc;id asc,Referenced model enum from filter_mapping. from/to is a half-open interval. D12/D15,SR14: generation/scope/query/snapshotVersion/offset; immutable until reset,customerId => customerId; coverage => status; expiringWithinDays => warrantyEndsAt within N days of now; search => unit name or ID contains,dueAt => warrantyEndsAt (null last); other keys use matching DTO fields
firmwareCampaigns.list,"modelId,status","id,createdAt,updatedAt,status",createdAt desc;id asc,Referenced model enum from filter_mapping. from/to is a half-open interval. D12/D15,SR14: generation/scope/query/snapshotVersion/offset; immutable until reset,modelId => modelId; status => state,Matching DTO fields
contractors.list,"status,search","id,name,updatedAt",name asc;id asc,Referenced model enum from filter_mapping. from/to is a half-open interval. D12/D15,SR14: generation/scope/query/snapshotVersion/offset; immutable until reset,"status => status; search => name, registrationNo or service area contains",Matching DTO fields
rateCards.list,contractorOrgId,"id,createdAt",createdAt desc;id asc,Referenced model enum from filter_mapping. from/to is a half-open interval. D12/D15,SR14: generation/scope/query/snapshotVersion/offset; immutable until reset,contractorOrgId => contractorOrgId,Matching DTO fields
certificates.list,"organizationId,membershipId,status,expiringWithinDays","id,dueAt,status",dueAt asc;id asc,Referenced model enum from filter_mapping. from/to is a half-open interval. D12/D15,SR14: generation/scope/query/snapshotVersion/offset; immutable until reset,organizationId => organizationId; membershipId => membershipId; status => status; expiringWithinDays => expiresAt within N days of now,dueAt => expiresAt; other keys use matching DTO fields
payouts.list,"contractorOrgId,period,status","id,createdAt,status",createdAt desc;id asc,Referenced model enum from filter_mapping. from/to is a half-open interval. D12/D15,SR14: generation/scope/query/snapshotVersion/offset; immutable until reset,contractorOrgId => contractorOrgId; period => period (YYYY-MM); status => status,Matching DTO fields
filterCare.list,"customerId,propertyId,spaceId,unitId,status","id,status",status desc;id asc,Referenced model enum from filter_mapping. from/to is a half-open interval. D12/D15,SR14: generation/scope/query/snapshotVersion/offset; immutable until reset,customerId/propertyId/spaceId/unitId => unit location; status => status,"status desc=overdue,due_soon,unknown,ok"
parts.list,"search,membershipId","id,name",name asc;id asc,Referenced model enum from filter_mapping. from/to is a half-open interval. D12/D15,SR14: generation/scope/query/snapshotVersion/offset; immutable until reset,search => code or name contains; membershipId => van stock of that technician listed first,Matching DTO fields
