case_id,finding_id,review_id,requirement_ids,contract,given,when,then,decision_status,execution_status
AT-STRICT-001,REV-001,STRICT-DOC-0.8.0-2026-09-16,FR-P01;FR-P02;FR-P08,02-design/strict-review-contracts.md#sr01-conflict-detection-before-acceptance,Offer projection before acceptance; Job v3,"Accept with v3, then decline with old v3",jobVersion available; first succeeds; conflicting request gives CONFLICT with zero changes,specified,not_run
AT-STRICT-002,REV-002,STRICT-DOC-0.8.0-2026-09-16,FR-A09;FR-A15;FR-C13;FR-X01,02-design/strict-review-contracts.md#sr02-write-version-contracts,All writes/input branches and current versions of related resources,Send omitted/correct/old/unneeded versions per operation table,Missing required version or supplying an omit version gives VALIDATION; old version gives CONFLICT; create does not require nonexistent versions,specified,not_run
AT-STRICT-003,REV-003,STRICT-DOC-0.8.0-2026-09-16,FR-A03;FR-P08;FR-X01;FR-X04,02-design/strict-review-contracts.md#sr03-scope-types-and-containment,Empty scope/other organization/Property descendants/expired external assignment,Run list/get/write/summary for each scope,"Empty scope: list0/individual NOT_FOUND, zero side effects. Role, scope, and valid outsourcing are intersected",specified,not_run
AT-STRICT-004,REV-004,STRICT-DOC-0.8.0-2026-09-16,FR-A09;FR-A14;FR-T04;FR-T05;FR-T06;FR-T09;FR-T11,02-design/strict-review-contracts.md#sr04-screen-fetch-order-and-candidates,Direct access to each screen; no candidate selected,"Fetch candidates, select, fetch details in SR04 order",All required IDs/versions come from read responses; zero dependent queries before selection,specified,not_run
AT-STRICT-005,REV-005,STRICT-DOC-0.8.0-2026-09-16,FR-C03;FR-T10;FR-X06,02-design/strict-review-contracts.md#sr05-logical-restrictions-and-observations,Restriction requested/applied/release_requested/expired,Evaluate same UnitAction in UI/Repository with units.get,Same effectiveControlPolicy decision; observations or timeout alone do not release,specified,not_run
AT-STRICT-006,REV-006,STRICT-DOC-0.8.0-2026-09-16,FR-A01;FR-A08;FR-C01;FR-C02;FR-C10;FR-P01;FR-T01,02-design/strict-review-contracts.md#sr06-filters-and-kpi-navigation,"Multiple statuses, connection-unknown group, nested Spaces, due-date boundary",Navigate from KPI and fetch list with same conditions,Sets/counts match SR06; simultaneous status/statuses gives VALIDATION,specified,not_run
AT-STRICT-007,REV-007,STRICT-DOC-0.8.0-2026-09-16,FR-T04;FR-T05;FR-T06;FR-T09,02-design/strict-review-contracts.md#sr07-inspection-inputs-and-authors,"New draft, saved items, measurement ID from another report",Save input-only DTO→change one item→save,"Keep item IDs, matching measurement sensorId, unchanged authors; reject another report's ID",specified,not_run
AT-STRICT-008,REV-008,STRICT-DOC-0.8.0-2026-09-16,FR-A02;FR-A04;FR-T10;FR-T11,02-design/strict-review-contracts.md#sr08-history-reads,More than two history pages; HQ and assigned technician,Fetch history list/detail; specify out-of-scope Unit,"All history reachable, stable order, out-of-scope NOT_FOUND; HQ read adds no write permission",specified,not_run
AT-STRICT-009,REV-009,STRICT-DOC-0.8.0-2026-09-16,FR-A14;FR-C06;FR-C13,02-design/strict-review-contracts.md#sr09-calculation-evidence-and-old-versions,"Save MRV v1, then update factor/baseline",Save v2→versions→get(v1),v1 values/factor/baseline unchanged; only latest editable; old-version review gives CONFLICT,specified,not_run
AT-STRICT-010,REV-010,STRICT-DOC-0.8.0-2026-09-16,FR-A02;FR-A09;FR-C01;NFR-07,02-design/strict-review-contracts.md#sr10-acceptance-criteria-consistency,"Active dependencies/history only, not_required Unit, other-customer ID",Execute every branch of AT-A02-B/A09-R01/C01-E,Reject archive with active dependencies; allow with history only; release conditions match; individual other-customer gives NOT_FOUND,specified,not_run
AT-STRICT-011,REV-011,STRICT-DOC-0.8.0-2026-09-16,FR-A14;FR-C02;FR-T11,02-design/strict-review-contracts.md#sr11-url-selection-values,URL with selection and URL with invalid parent-child relationship,"Reload, Back, Forward",Restore selection/version; invalid relationship gives VALIDATION; invisible ID gives not-found,specified,not_run
AT-STRICT-012,REV-012,STRICT-DOC-0.8.0-2026-09-16,FR-A05;FR-X03;FR-X07,02-design/strict-review-contracts.md#sr12-notifications-without-recipients,Alert with zero recipients; repeated eventId,Fire→retry→HQ/customer read,"Zero Notifications, one DeliveryFailure, empty customer array; failure details do not leak recipients",specified,not_run
AT-STRICT-013,REV-013,STRICT-DOC-0.8.0-2026-09-16,FR-A06;FR-P03;FR-P06;FR-T04;FR-T11,02-design/strict-review-contracts.md#sr13-demo-qualifications,Qualification expires before/at/after work end; revocation event,eligible→assign→revoke during work→write,Validate qualification for entire slot; writes after expiry give FORBIDDEN; keep history,specified,not_run
AT-STRICT-014,REV-014,STRICT-DOC-0.8.0-2026-09-16,FR-C06;FR-C07;FR-C12;FR-T03;NFR-04;NFR-05,02-design/strict-review-contracts.md#sr14-updates-during-paging,"1000 points,100/page; live updates between pages",Fetch all ten pages; separately inject scope expiry,Exactly initial snapshot's1000 points/total; no endless refetch; zero returned after expiry,specified,not_run
AT-STRICT-015,REV-015,STRICT-DOC-0.8.0-2026-09-16,FR-A15;FR-X04,02-design/strict-review-contracts.md#sr15-a15-permissions,"Only offset.manage, or only mrv.manage",Enter A15 and perform each operation,Only offset permission holder allowed; MRV permission alone gives FORBIDDEN,specified,not_run
AT-STRICT-016,REV-016,STRICT-DOC-0.8.0-2026-09-16,FR-X01;NFR-07,02-design/strict-review-contracts.md#sr16-normative-document-scope,Current document list,Statically check implementation references and links,Include D12–16/all SR chapters/types/CSVs; zero broken links,specified,not_run
AT-STRICT-017,REV-017,STRICT-DOC-0.8.0-2026-09-16,FR-A01;FR-C01;FR-C06;FR-T01;NFR-08,02-design/strict-review-contracts.md#sr17-period-presets,Asia/Kuala_Lumpur; clock=2026-09-14T01:00:45Z. Separate Europe/Berlin case with clock=2026-03-30T00:00:45Z,Select today/7d/30d→change zone→explicit refresh. Separate case at 00:00:30 today,KL from values:09-13T16:00Z/09-07T16:00Z/08-15T16:00Z; to=09-14T01:00Z. UTC unchanged immediately after zone change. Berlin7d from=03-23T23:00Z (DST included). Empty interval makes zero summary calls,specified,not_run
AT-STRICT-018,REV-018,STRICT-DOC-0.8.0-2026-09-16,FR-A15;FR-C13,02-design/strict-review-contracts.md#sr18-offset-failure-and-retry,"Failed purchase p1 and failed retirement r1 after successful purchase, in separate fixtures",Retry with latest record version→old attempt succeeds→new attempt succeeds→resend same event,One new attempt on same record; old success gives CONFLICT; retirement retry keeps purchaseRef; retry adds no references/history; reject retry unless failed,specified,not_run
AT-STRICT-019,REV-019,STRICT-DOC-0.8.0-2026-09-16,FR-A07;FR-A09;FR-A10,02-design/strict-review-contracts.md#sr19-contract-editing-during-restrictions,"Restrictions scheduled/requested/applied/release_requested/cancelled/released on same contract, in separate fixtures","Change all contract fields, change after cancellation/release, and race with schedule as separate cases",Four active states give CONFLICT with unchanged contract version/Commands. Changes allowed with latest version only after all restrictions terminate. Reject old-version schedule after earlier edit,specified,not_run
AT-STRICT-020,REV-020,STRICT-DOC-0.8.0-2026-09-16,FR-A04;FR-T11;FR-T12;FR-X03,02-design/strict-review-contracts.md#sr20-recovery-events,"Unrecovered network loss, power loss, and tamper together",Recover network only→old sequence→source from another device,Only network becomes online; power/tamper unchanged; old sequence ignored; different device gives CONFLICT,specified,not_run
AT-STRICT-021,REV-021,STRICT-DOC-0.8.0-2026-09-16,FR-A05;FR-A11;FR-A12;FR-C09;FR-X07,02-design/strict-review-contracts.md#sr21-notification-only-rules-and-control-conflicts,High-priority notify_only and lower-priority control; with/without recipients,simulate→fire→resend same event,simulate has zero side effects; at most one control Command; independent notification result; retry adds nothing,specified,not_run
