review_id,finding_id,case_id,requirement_ids,given,when,then,contract,disposition,execution_status
INDEPENDENT-DOC-0.10.0-2026-09-16,REV-001,AT-RESOLVE-001,FR-P02;FR-P08;FR-X04;NFR-03;NFR-06,未来開始Offerと辞退対象Offer,accept/declineと同キー再送/getResult,JobDecisionReceiptだけ。詳細非公開、失効Membershipは拒否,02-design/review-resolution-contracts.md#ir01-受諾と辞退の最小応答,specified,not_run
INDEPENDENT-DOC-0.10.0-2026-09-16,REV-002,AT-RESOLVE-002,FR-A02;FR-A07;FR-A08;FR-C09;FR-C10;FR-T03;FR-X04;NFR-03,過去job/report/invoiceを持つUnit/Contractと別顧客,親を含む所有顧客変更を保存,CONFLICT・履歴/購読/所有者変更0。別顧客へ漏れない,02-design/review-resolution-contracts.md#ir02-所有顧客の不変性,specified,not_run
INDEPENDENT-DOC-0.10.0-2026-09-16,REV-003,AT-RESOLVE-003,FR-A10;FR-X04;NFR-03,hq-override-only; sent_unknown制限,一覧→取得→override→reconcile→retry release,限定投影で完了可能、applyと請求/監査読取は拒否,02-design/review-resolution-contracts.md#ir03-強制解除専用権限,specified,not_run
INDEPENDENT-DOC-0.10.0-2026-09-16,REV-004,AT-RESOLVE-004,FR-A08;FR-C08;FR-X07,期限超過unpaid、適格顧客受信者,preview→remind→同キー再送→顧客へ切替,preview保存0、remind通知1・Invoice版+1、顧客一覧に同通知,02-design/review-resolution-contracts.md#ir04-督促の共有された模擬記録,specified,not_run
INDEPENDENT-DOC-0.10.0-2026-09-16,REV-005,AT-RESOLVE-005,FR-A09;FR-C12;FR-X07,now=t0、有効顧客受信者,noticeAt入力; 正常schedule; t0+24h-1msと24hでexecute,未知入力拒否。now採番/通知証跡保存。境界前拒否、境界で他条件も再検証,02-design/review-resolution-contracts.md#ir05-予告の時刻と証跡,specified,not_run
INDEPENDENT-DOC-0.10.0-2026-09-16,REV-006,AT-RESOLVE-006,FR-C11;FR-A08;NFR-05,unpaid invoice version1,initiate→最新版で別キーinitiate/recordManual→fail→新試行,非終端最大1。開始時Invoice processing/版+1。失敗後のみ新試行,02-design/review-resolution-contracts.md#ir06-決済試行の排他,specified,not_run
INDEPENDENT-DOC-0.10.0-2026-09-16,REV-007,AT-RESOLVE-007,FR-A05;FR-A12;NFR-06,AlertなしUnitと新規A05/A12,共通必須欄と通知設定を入力/欠落でsave,設備候補取得可能。name/timezone/enabled/priorityを送り欠落拒否,02-design/review-resolution-contracts.md#ir07-policy共通フォーム,specified,not_run
INDEPENDENT-DOC-0.10.0-2026-09-16,REV-008,AT-RESOLVE-008,FR-X03;FR-C06;FR-A13;FR-A14,3slot origin=measured/estimated/inspection、各valid,energy.summaryと期間比較基準save,validSlots=1・coverage=1/3・差分null。measuredへのfallbackなし,02-design/review-resolution-contracts.md#ir08-電力量の由来,specified,not_run
INDEPENDENT-DOC-0.10.0-2026-09-16,REV-009,AT-RESOLVE-009,FR-X02;FR-T10,技術者ホーム、同設備2担当候補,音声change→job選択→reason入力→確認、cancel、期限失効,正当jobId/reasonでのみCommand。cancel0件。失効拒否,02-design/review-resolution-contracts.md#ir09-音声変更の操作文脈,specified,not_run
INDEPENDENT-DOC-0.10.0-2026-09-16,REV-010,AT-RESOLVE-010,FR-C08;FR-X07,maintenance/sensor Alert各1件、同じseverity,通知生成→顧客C08,type cleaning_due/faultが異なり各アイコン。severityは別軸,02-design/review-resolution-contracts.md#ir10-通知の業務分類,specified,not_run
INDEPENDENT-DOC-0.10.0-2026-09-16,REV-011,AT-RESOLVE-011,FR-C06;FR-A13;FR-A14,実績ac_input、fixed基準whole_building、同じ説明文字列,比較→MRV保存/確認,実績を保持し差分null、incomplete、demo_reviewed不可,02-design/review-resolution-contracts.md#ir11-算定境界の識別,specified,not_run
INDEPENDENT-DOC-0.10.0-2026-09-16,REV-012,AT-RESOLVE-012,FR-X03;FR-T03;FR-C07;NFR-05;NFR-06,power sensor kW、raw unit=W/value1000,demo.trigger telemetry→series,value=null/suspect/unit=kW/rawUnit=W。1kWに換算しない。別正常点は維持,02-design/review-resolution-contracts.md#ir12-生測定と正規測定,specified,not_run
INDEPENDENT-DOC-0.10.0-2026-09-16,REV-013,AT-RESOLVE-013,FR-C01;FR-A01;FR-A08;NFR-07,現時点KPI・期限超過請求,旧AT-C01-N/A01-N/A08-Nの更新を照合,設備一覧periodなし・戻り復元、入金後督促は停止,02-design/review-resolution-contracts.md#ir13-現行受入条件の統一,specified,not_run
INDEPENDENT-DOC-0.10.0-2026-09-16,REV-014,AT-RESOLVE-014,NFR-07,現行全仕様と旧runs,front matter・現行リンク・manifestを検査,0.11.0現行、旧版証跡を現行承認として使わない,02-design/review-resolution-contracts.md#ir14-現行版の識別,specified,not_run
INDEPENDENT-DOC-0.10.0-2026-09-16,REV-015,AT-RESOLVE-015,FR-A14,MRV要件/画面/操作,プレビューと保存済み版を照合,ファイルexportは対象外と明記、未定義操作なし,02-design/review-resolution-contracts.md#ir15-mrv出力の範囲,specified,not_run
INDEPENDENT-DOC-0.10.0-2026-09-16,REV-016,AT-RESOLVE-016,FR-C05;FR-A11;FR-A12,各Fact TTL、location同tick、最新suspect,TTLちょうど/1ms後、次tick、古いvalidも入力,境界fresh/超過stale、location非持越し、古いvalid再利用なし,02-design/review-resolution-contracts.md#ir16-factの鮮度と再利用,specified,not_run
INDEPENDENT-DOC-0.10.0-2026-09-16,REV-017,AT-RESOLVE-017,FR-X01;FR-X04;NFR-05,Aで遅延readと購読を開始,A→B→A、logout/login、expire/reset/reload後に旧応答到着,viewEpoch/instance/generation不一致を破棄、共有受付済み業務は保持,02-design/review-resolution-contracts.md#ir17-repository世代と閲覧世代,specified,not_run
INDEPENDENT-DOC-0.10.0-2026-09-16,REV-018,AT-RESOLVE-018,NFR-04,100設備/1000サンプルを超える長時間利用候補,保持要件と保証範囲を確認,容量保証はdeferred、暗黙削除/resetなし、実装試験合格を記録しない,02-design/review-resolution-contracts.md#ir18-長時間メモリ保持の扱い,deferred_candidate,not_run
SELF-CYCLE-DOC-0.11.0,RC-001,AT-RC-001,FR-A10;FR-X04;NFR-03,override専用者、直接A09へアクセス,通常入口から一覧→A10、invoiceId filterを試す,一覧は開ける。請求filter禁止、secondaryは権限付き。請求存在を漏らさない,02-design/review-resolution-contracts.md#ir03-強制解除専用権限,specified,not_run
SELF-CYCLE-DOC-0.11.0,RC-002,AT-RC-002,FR-C08;FR-X07;NFR-06,同じUnitにmaintenance/sensor Alert,sourceAlertIdを指定/省略/別Unitでpreview,対応Alertから分類、必須欠落/対応不一致拒否、曖昧な分類なし,02-design/review-resolution-contracts.md#ir10-通知の業務分類,specified,not_run
SELF-CYCLE-DOC-0.11.0,RC-003,AT-RC-003,FR-C11;FR-A08;NFR-06,payments.simulateのinitiate分岐,操作名・版カタログを照合,存在しないpayments.initiateを使わずInvoice版を取得,02-design/review-resolution-contracts.md#ir06-決済試行の排他,specified,not_run
SELF-CYCLE-DOC-0.11.0,RC-004,AT-RC-004,FR-A05;FR-A12;NFR-06,新Policy共通欄,詳細DD/Component/画面/操作の依存を照合,空Alertから作成可能、全必須入力と候補readが一致,02-design/review-resolution-contracts.md#ir07-policy共通フォーム,specified,not_run
SELF-CYCLE-DOC-0.11.0,RC-005,AT-RC-005,FR-X03;NFR-06,Sensorのpower/non-powerと点検,新規capability/sensor/measurement生成,boundaryとquality追加必須値を全生成経路で決定,02-design/review-resolution-contracts.md#ir12-生測定と正規測定,specified,not_run
SELF-CYCLE-DOC-0.11.0,RC-006,AT-RC-006,FR-X04;NFR-03,同userのscope変更を伴う一覧snapshot,旧cursorで再開/旧callbackを配送,閲覧世代を跨ぐcache/cursor使用不可、現在scopeで新snapshot,02-design/review-resolution-contracts.md#ir17-repository世代と閲覧世代,specified,not_run
